Dataset,Method,PICP_mean,PICP_std,NIW_mean,NIW_std,MPIW_mean,MPIW_std,QuantileLoss_mean,QuantileLoss_std,CRPS_mean,CRPS_std,AUC_mean,AUC_std,NCIW_mean,NCIW_std
ailerons,UACQR-P,0.9500,0.0056,0.1768,0.0145,0.0005,0.0000,0.0000,0.0000,0.0001,0.0000,2.1821,5.3024,0.1877,0.0318
ailerons,UACQR-S,0.9645,0.0046,0.2067,0.0184,0.0006,0.0000,0.0000,0.0000,0.0001,0.0000,0.7591,0.3923,0.2067,0.0184
ailerons,clear,0.9478,0.0074,0.2076,0.0173,0.0006,0.0000,0.0000,0.0000,0.0001,0.0000,0.3657,0.0687,0.2099,0.0212
airfoil,UACQR-P,0.9518,0.0108,0.3651,0.0230,12.5005,0.8756,0.1882,0.0135,1.8373,0.1120,2.6815,1.6741,0.3172,0.0261
airfoil,UACQR-S,0.9551,0.0132,0.3912,0.0309,13.3905,1.0796,0.2000,0.0102,1.9357,0.1290,5.3080,5.8190,0.3294,0.0353
airfoil,clear,0.9591,0.0093,0.2010,0.0144,6.8885,0.6438,0.1071,0.0148,0.9963,0.0850,0.3185,0.0694,0.1888,0.0138
allstate,UACQR-P,0.9544,0.0074,0.2851,0.0539,6998.4844,227.7966,111.8850,7.7536,1245.4191,44.9882,1.4712,1.5962,0.2785,0.0493
allstate,UACQR-S,0.9540,0.0073,0.3046,0.0580,7475.1271,262.6489,116.5227,6.8587,1346.0763,50.9193,4.9681,12.4691,0.2964,0.0516
allstate,clear,0.9494,0.0084,0.2784,0.0547,6825.1216,290.8889,115.0590,7.2138,1146.4005,67.6356,0.7116,0.1742,0.2779,0.0580
ca_housing,UACQR-P,0.9522,0.0042,0.3665,0.0078,176637.5136,3907.1282,2953.4411,61.7323,29508.1731,560.4960,39.2850,73.1869,0.3678,0.0070
ca_housing,UACQR-S,0.9600,0.0038,0.4051,0.0074,195251.1319,2929.0856,3046.7677,60.1691,32075.0067,423.5392,12.9024,14.8915,0.4051,0.0074
ca_housing,clear,0.9511,0.0068,0.3136,0.0101,151180.1074,5577.2192,2781.1639,96.3120,23381.8533,335.3777,1.1823,0.2555,0.3101,0.0097
computer,UACQR-P,0.9548,0.0104,0.0836,0.0035,8.2807,0.3464,0.1470,0.0061,1.3758,0.0350,2.6379,5.1430,0.0870,0.0057
computer,UACQR-S,0.9736,0.0041,0.1014,0.0013,10.0435,0.1274,0.1513,0.0043,1.5096,0.0267,0.7718,0.7560,0.1014,0.0013
computer,clear,0.9491,0.0082,0.0803,0.0042,7.9511,0.4197,0.1372,0.0119,1.2176,0.0636,0.3333,0.1702,0.0810,0.0040
concrete,UACQR-P,0.9587,0.0229,0.3726,0.0263,28.2525,2.0406,0.4135,0.0388,4.0326,0.2108,1.1625,0.8245,0.3321,0.0591
concrete,UACQR-S,0.9602,0.0254,0.4030,0.0227,30.5516,1.7003,0.4249,0.0237,4.2545,0.2090,8.2393,18.8911,0.3443,0.0570
concrete,clear,0.9587,0.0151,0.2779,0.0309,21.0739,2.4002,0.3347,0.0326,3.2374,0.3101,1.2104,1.1393,0.2592,0.0320
elevator,UACQR-P,0.9498,0.0056,0.1583,0.0119,0.0098,0.0003,0.0002,0.0000,0.0017,0.0000,9.9223,13.3719,0.1652,0.0155
elevator,UACQR-S,0.9712,0.0034,0.1998,0.0103,0.0124,0.0001,0.0002,0.0000,0.0019,0.0000,3.9008,3.5722,0.1998,0.0103
elevator,clear,0.9504,0.0058,0.1270,0.0082,0.0079,0.0001,0.0001,0.0000,0.0012,0.0000,0.3351,0.0551,0.1266,0.0078
energy_efficiency,UACQR-P,0.9656,0.0181,inf,,inf,,inf,,0.8870,0.0866,0.6083,0.6334,0.1400,0.0149
energy_efficiency,UACQR-S,0.9604,0.0190,0.1622,0.0146,5.9077,0.5142,0.0794,0.0063,0.9335,0.1005,1.0690,1.5815,0.1377,0.0252
energy_efficiency,clear,0.9526,0.0130,0.0429,0.0070,1.5630,0.2616,0.0292,0.0073,0.2496,0.0310,0.1755,0.1037,0.0416,0.0067
insurance,UACQR-P,0.9612,0.0144,0.3045,0.0487,17268.5184,2028.6010,338.8476,48.5650,4032.7389,308.2608,1.5911,1.3020,0.2912,0.0450
insurance,UACQR-S,0.9590,0.0114,0.3113,0.0343,17710.0753,1706.9880,334.3557,36.4781,4143.7810,323.7334,1.5864,1.1793,0.3014,0.0357
insurance,clear,0.9534,0.0138,0.3975,0.0968,22862.8669,6621.1925,421.0880,84.9968,3871.6432,670.8703,1.3343,0.6824,0.3476,0.0833
kin8nm,UACQR-P,0.9509,0.0093,0.4464,0.0191,0.6160,0.0162,0.0088,0.0002,0.0976,0.0018,35.5276,91.2764,0.4332,0.0093
kin8nm,UACQR-S,0.9498,0.0068,0.4597,0.0200,0.6343,0.0139,0.0090,0.0002,0.0993,0.0018,14.4130,16.8598,0.4452,0.0136
kin8nm,clear,0.9511,0.0077,0.3240,0.0120,0.4473,0.0126,0.0067,0.0002,0.0665,0.0016,0.4240,0.0398,0.3223,0.0087
miami_housing,UACQR-P,0.9534,0.0065,0.1038,0.0029,266899.4409,6675.2251,4332.7838,136.9015,40033.4107,923.8942,9.1567,22.4025,0.1023,0.0038
miami_housing,UACQR-S,0.9516,0.0058,0.1133,0.0025,291211.7349,5375.7927,4541.3576,136.1235,43256.1046,1010.0849,3.2870,4.4946,0.1099,0.0046
miami_housing,clear,0.9503,0.0063,0.0880,0.0014,226225.8551,3997.7848,3680.2657,144.1591,33725.3457,860.0372,0.2975,0.1240,0.0878,0.0023
naval_propulsion,UACQR-P,0.9535,0.0061,0.0017,0.0001,0.0030,0.0001,0.0001,0.0000,0.0006,0.0000,0.0943,0.1236,0.0017,0.0001
naval_propulsion,UACQR-S,0.9944,0.0022,0.0036,0.0001,0.0063,0.0002,0.0001,0.0000,0.0008,0.0000,0.0393,0.0655,0.0036,0.0001
naval_propulsion,clear,0.9511,0.0093,0.0016,0.0000,0.0028,0.0001,0.0000,0.0000,0.0004,0.0000,0.0021,0.0002,0.0016,0.0001
parkinsons,UACQR-P,0.9486,0.0128,0.2688,0.0214,12.8987,1.0287,0.1798,0.0092,2.4052,0.1465,1.0935,1.0851,0.2729,0.0200
parkinsons,UACQR-S,0.9653,0.0058,0.3128,0.0187,15.0122,0.8973,0.1997,0.0103,2.7230,0.1487,0.5993,0.3004,0.3128,0.0187
parkinsons,clear,0.9491,0.0106,0.2499,0.0074,11.9920,0.3533,0.1895,0.0068,1.8661,0.0427,0.4325,0.0771,0.2507,0.0126
powerplant,UACQR-P,0.9528,0.0062,0.1928,0.0076,13.8807,0.2892,0.2260,0.0119,2.1700,0.0393,1.2178,0.6903,0.1908,0.0098
powerplant,UACQR-S,0.9513,0.0056,0.2020,0.0093,14.5411,0.3031,0.2341,0.0108,2.2667,0.0436,1.0474,0.2801,0.2004,0.0098
powerplant,clear,0.9464,0.0077,0.1572,0.0074,11.3199,0.3260,0.2030,0.0130,1.7648,0.0286,1.0404,0.4289,0.1604,0.0078
qsar,UACQR-P,0.9561,0.0074,0.4100,0.1427,3.4992,0.0893,0.0513,0.0030,0.5819,0.0092,0.8169,0.1566,0.4086,0.1414
qsar,UACQR-S,0.9612,0.0129,0.4524,0.1606,3.8455,0.0752,0.0542,0.0024,0.6186,0.0096,0.9186,0.1946,0.4489,0.1583
qsar,clear,0.9476,0.0138,0.3454,0.1226,2.9404,0.1202,0.0481,0.0023,0.4548,0.0126,0.8684,0.2335,0.3486,0.1256
sulfur,UACQR-P,0.9518,0.0049,0.1150,0.0125,0.1046,0.0046,0.0019,0.0001,0.0192,0.0008,2.7505,7.0272,0.1144,0.0106
sulfur,UACQR-S,0.9502,0.0070,0.1261,0.0128,0.1149,0.0048,0.0020,0.0002,0.0215,0.0010,0.8541,0.5978,0.1258,0.0111
sulfur,clear,0.9536,0.0060,0.1113,0.0096,0.1015,0.0046,0.0018,0.0001,0.0167,0.0006,0.4637,0.1394,0.1091,0.0085
superconductor,UACQR-P,0.9503,0.0040,0.2198,0.0237,31.7023,0.6810,0.5068,0.0183,5.4603,0.1451,2.2689,1.2776,0.2202,0.0241
superconductor,UACQR-S,0.9492,0.0058,0.2320,0.0273,33.4239,0.7396,0.5265,0.0166,5.6841,0.1398,2.5192,2.0305,0.2318,0.0264
superconductor,clear,0.9518,0.0028,0.1944,0.0212,28.0453,0.7036,0.4881,0.0210,4.5968,0.1297,1.4292,0.7820,0.1924,0.0203
