Dataset,Seed,Method,Coverage_Target,Alpha,PICP,NIW,MPIW,QuantileLoss,ExpectileLoss,IntervalScoreLoss,CRPS,AUC,NCIW,c_test_cal
ailerons,run_0,UACQR-S,0.95,0.05,0.9589090909,0.1905338068,0.0006097081818,1.018317045e-05,4.101551676e-09,0.0008146536364,9.495228775e-05,0.5013376111,0.1905338068,1
ailerons,run_0,UACQR-P,0.95,0.05,0.9469090909,0.1610866477,0.0005154772727,1.001482955e-05,3.398341051e-09,0.0008011863636,8.881322947e-05,0.4145252559,0.1833380299,1.138133002
ailerons,run_0,clear,0.95,0.05,0.9512727273,0.1951483371,0.0006244746788,9.562155222e-06,3.740040527e-09,0.0007649724178,9.169472686e-05,0.3285742619,0.1936869578,
ailerons,run_1,UACQR-S,0.95,0.05,0.9589090909,0.2357688811,0.0006129990909,1.024885227e-05,4.04171929e-09,0.0008199081818,9.585842653e-05,4.528730007,0.2357688811,1
ailerons,run_1,UACQR-P,0.95,0.05,0.9410909091,0.2057426573,0.0005349309091,1.030027273e-05,3.435585966e-09,0.0008240218182,9.09193625e-05,0.6330576236,0.2561196722,1.244854497
ailerons,run_1,clear,0.95,0.05,0.9425454545,0.2396789648,0.0006231653086,9.659810386e-06,3.71974129e-09,0.0007727848309,9.33705822e-05,0.4166902273,0.2467841653,
ailerons,run_2,UACQR-S,0.95,0.05,0.9661818182,0.2082260606,0.0006246781818,9.809386364e-06,4.08628233e-09,0.0007847509091,9.493803201e-05,2.452141373,0.2082260606,1
ailerons,run_2,UACQR-P,0.95,0.05,0.9487272727,0.1762042424,0.0005286127273,9.837659091e-06,3.343982614e-09,0.0007870127273,8.991284617e-05,17.0949309,0.1963237449,1.114182849
ailerons,run_2,clear,0.95,0.05,0.9345454545,0.207203637,0.0006216109111,9.640505998e-06,3.669173936e-09,0.0007712404798,9.619508617e-05,0.37335827,0.2199461333,
ailerons,run_3,UACQR-S,0.95,0.05,0.9658181818,0.1857123967,0.0006128509091,1.011609091e-05,4.270234034e-09,0.0008092872727,9.520695462e-05,0.8193379645,0.1857123967,1
ailerons,run_3,UACQR-P,0.95,0.05,0.9512727273,0.1635746556,0.0005397963636,1.000427273e-05,3.664506761e-09,0.0008003418182,9.043446127e-05,0.5980249766,0.1635746556,1
ailerons,run_3,clear,0.95,0.05,0.9469090909,0.1888752376,0.0006232882839,9.754892073e-06,3.895321273e-09,0.0007803913658,9.327734534e-05,0.3316040897,0.192845798,
ailerons,run_4,UACQR-S,0.95,0.05,0.9734545455,0.2072727273,0.0006218181818,9.252727273e-06,3.878342727e-09,0.0007402181818,9.404156315e-05,0.6160974045,0.2072727273,1
ailerons,run_4,UACQR-P,0.95,0.05,0.9581818182,0.1788060606,0.0005364181818,8.985681818e-06,3.113632216e-09,0.0007188545455,8.856852207e-05,0.3445527435,0.1788060606,1
ailerons,run_4,clear,0.95,0.05,0.96,0.2094428194,0.0006283284581,8.965111708e-06,3.579174281e-09,0.0007172089367,9.204671642e-05,0.2861595954,0.2020101945,
ailerons,run_5,UACQR-S,0.95,0.05,0.9647272727,0.2101877743,0.0006095445455,9.866125e-06,3.944704631e-09,0.00078929,9.499932883e-05,22.64787433,0.2101877743,1
ailerons,run_5,UACQR-P,0.95,0.05,0.9509090909,0.1801937304,0.0005225618182,9.747477273e-06,3.303123977e-09,0.0007797981818,8.96609484e-05,0.3646756752,0.1801937304,1
ailerons,run_5,clear,0.95,0.05,0.9476363636,0.2106825271,0.0006109793287,9.402753241e-06,3.613182569e-09,0.0007522202593,9.214824712e-05,0.3823083718,0.2136432637,
ailerons,run_6,UACQR-S,0.95,0.05,0.9683636364,0.187084022,0.0006173772727,9.636761364e-06,3.980660085e-09,0.0007709409091,9.15547536e-05,0.4438449195,0.187084022,1
ailerons,run_6,UACQR-P,0.95,0.05,0.9501818182,0.1588865014,0.0005243254545,9.621340909e-06,3.273966023e-09,0.0007697072727,8.691349681e-05,0.5120915855,0.1588865014,1
ailerons,run_6,clear,0.95,0.05,0.9476363636,0.1829727715,0.0006038101459,9.370539218e-06,3.545758501e-09,0.0007496431374,9.027388902e-05,0.2828045549,0.1851608516,
ailerons,run_7,UACQR-S,0.95,0.05,0.9672727273,0.2347707071,0.0006338809091,1.012032955e-05,4.181931563e-09,0.0008096263636,9.435123519e-05,0.75980334,0.2347707071,1
ailerons,run_7,UACQR-P,0.95,0.05,0.9458181818,0.1917740741,0.00051779,1.017964773e-05,3.370422528e-09,0.0008143718182,8.910986533e-05,0.4254067696,0.2240837567,1.168477844
ailerons,run_7,clear,0.95,0.05,0.9476363636,0.2319200085,0.0006261840231,1.016272811e-05,3.984866151e-09,0.0008130182488,9.230273541e-05,0.5119086094,0.2366825737,
ailerons,run_8,UACQR-S,0.95,0.05,0.9683636364,0.1911144886,0.0006115663636,9.623215909e-06,3.901046392e-09,0.0007698572727,9.258613422e-05,0.5282802437,0.1911144886,1
ailerons,run_8,UACQR-P,0.95,0.05,0.9552727273,0.162696875,0.00052063,9.554693182e-06,3.286474915e-09,0.0007643754545,8.710517194e-05,2.083521127,0.162696875,1
ailerons,run_8,clear,0.95,0.05,0.9603636364,0.2010818141,0.0006434618052,9.608138733e-06,3.984249203e-09,0.0007686510986,8.951389233e-05,0.3616290755,0.1901826082,
ailerons,run_9,UACQR-S,0.95,0.05,0.9607272727,0.2172050157,0.0006298945455,1.023731818e-05,4.146152614e-09,0.0008189854545,9.62195598e-05,0.5379014375,0.2172050157,1
ailerons,run_9,UACQR-P,0.95,0.05,0.9403636364,0.1759952978,0.0005103863636,1.027392045e-05,3.31690429e-09,0.0008219136364,9.027883864e-05,0.5352896036,0.2157517326,1.225894869
ailerons,run_9,clear,0.95,0.05,0.9429090909,0.208666485,0.0006051328065,9.749375206e-06,3.71730202e-09,0.0007799500165,9.08611836e-05,0.393465304,0.2175540319,
airfoil,run_0,UACQR-S,0.95,0.05,0.950166113,0.3718769463,13.28121326,0.195201745,1.537039202,15.6161396,1.88242956,21.38289137,0.3032855304,0.8155534605
airfoil,run_0,UACQR-P,0.95,0.05,0.9568106312,0.3581225045,12.78998713,0.1863089338,1.395023196,14.9047147,1.814294826,1.300181691,0.2762066213,0.7712629555
airfoil,run_0,clear,0.95,0.05,0.9634551495,0.1974364027,7.051243687,0.1053365146,0.4598911959,8.426921164,0.9719388844,0.2819102003,0.1839319244,
airfoil,run_1,UACQR-S,0.95,0.05,0.9335548173,0.3647056344,13.41496735,0.203412194,1.653908102,16.27297552,2.068839978,0.7419005411,0.3649504552,1.000671283
airfoil,run_1,UACQR-P,0.95,0.05,0.9435215947,0.3787196332,13.93044427,0.2082255284,1.71541979,16.65804228,2.075627609,3.438807703,0.3607143815,0.9524575699
airfoil,run_1,clear,0.95,0.05,0.9667774086,0.1964569659,7.226276576,0.1120131129,0.5592392739,8.961049033,1.006226236,0.4320257707,0.1744172993,
airfoil,run_2,UACQR-S,0.95,0.05,0.9634551495,0.4175500209,13.62632738,0.1887136793,1.564901119,15.09709434,1.870217772,1.054174131,0.2673258455,0.6402247207
airfoil,run_2,UACQR-P,0.95,0.05,0.9468438538,0.3743798226,12.21751113,0.1860713808,1.333437123,14.88571047,1.770050575,53.03673592,0.3134571358,0.8372703786
airfoil,run_2,clear,0.95,0.05,0.9634551495,0.2019596365,6.590750777,0.09521846044,0.4195765528,7.617476835,0.9739666634,0.3761428201,0.1796079148,
airfoil,run_3,UACQR-S,0.95,0.05,0.9734219269,0.4233965299,13.62320675,0.1812810407,1.502734618,14.50248325,1.812910417,1.765289248,0.3103495106,0.7329996558
airfoil,run_3,UACQR-P,0.95,0.05,0.9734219269,0.3924216281,12.62655831,0.1752789057,1.320896126,14.02231246,1.737947231,4.241995842,0.3035555717,0.7735444481
airfoil,run_3,clear,0.95,0.05,0.9734219269,0.2003685245,6.447057643,0.09336963118,0.3789720541,7.469570494,0.8941661026,0.2258435902,0.1845935073,
airfoil,run_4,UACQR-S,0.95,0.05,0.9800664452,0.4230167187,13.76242593,0.1787427882,1.545055986,14.29942306,1.851966707,0.5601279243,0.3116991162,0.7368482199
airfoil,run_4,UACQR-P,0.95,0.05,0.9601328904,0.3776419154,12.28620208,0.1726586306,1.275464731,13.81269045,1.750135921,1.026955936,0.3135333336,0.8302397611
airfoil,run_4,clear,0.95,0.05,0.9468438538,0.201078052,6.541873343,0.09855578793,0.4327688086,7.884463035,0.9915415367,0.2456802639,0.2087568169,
airfoil,run_5,UACQR-S,0.95,0.05,0.9468438538,0.3658326262,12.07650082,0.1790241754,1.374936192,14.32193403,1.92205877,1.048599909,0.3739950701,1.022311963
airfoil,run_5,UACQR-P,0.95,0.05,0.9302325581,0.3355374646,11.07642724,0.1831896013,1.208819479,14.65516811,1.80520786,1.383350004,0.3433944698,1.023416179
airfoil,run_5,clear,0.95,0.05,0.950166113,0.1818142613,6.001870581,0.1002726045,0.3813034679,8.021808362,0.9570120175,0.2576113706,0.1790080174,
airfoil,run_6,UACQR-S,0.95,0.05,0.9634551495,0.3427249835,12.60645307,0.1910124644,1.588123626,15.28099716,1.840582771,1.909934896,0.25919554,0.7562785105
airfoil,run_6,UACQR-P,0.95,0.05,0.9634551495,0.3437683842,12.64483248,0.1888770588,1.503956733,15.1101647,1.838121104,1.173693622,0.3110839914,0.9049232151
airfoil,run_6,clear,0.95,0.05,0.950166113,0.1921910008,7.069361582,0.1177081421,0.5709959819,9.416651372,1.065464644,0.3650292729,0.1908899264,
airfoil,run_7,UACQR-S,0.95,0.05,0.9700996678,0.4043198566,13.79013735,0.2092425711,1.806267676,16.73940569,2.014968236,0.9696286529,0.2880338165,0.712390974
airfoil,run_7,UACQR-P,0.95,0.05,0.9601328904,0.3478096657,11.86274427,0.1987995858,1.459372931,15.90396686,1.85452641,0.8493458503,0.2983589654,0.8578225243
airfoil,run_7,clear,0.95,0.05,0.9534883721,0.2080893608,7.097303829,0.1328495759,0.6604401999,10.62796607,1.103484938,0.3878786597,0.1866322386,
airfoil,run_8,UACQR-S,0.95,0.05,0.9401993355,0.3933183911,13.20920485,0.1989379582,1.534249947,15.91503665,1.849419302,2.347671501,0.3623258052,0.9212022967
airfoil,run_8,UACQR-P,0.95,0.05,0.9335548173,0.3503641981,11.76663123,0.1807104651,1.23302159,14.45683721,1.728228393,1.3981321,0.3483762495,0.9943260509
airfoil,run_8,clear,0.95,0.05,0.950166113,0.1802556877,6.053707017,0.09009713554,0.3421305662,7.207770843,0.8707792761,0.3327341901,0.1746197435,
airfoil,run_9,UACQR-S,0.95,0.05,0.976744186,0.4389487402,15.49840212,0.2057727925,1.932623538,16.4618234,2.087494565,7.314554726,0.3127636873,0.7125289554
airfoil,run_9,UACQR-P,0.95,0.05,0.9534883721,0.4091543868,14.44642309,0.2075694082,1.734560957,16.60555266,1.984738889,1.468100018,0.3031855485,0.7410052495
airfoil,run_9,clear,0.95,0.05,0.9601328904,0.2305258774,8.139407681,0.1257350673,0.649680407,10.05880538,1.134624604,0.2946539993,0.2188793981,
allstate,run_0,UACQR-S,0.95,0.05,0.955,0.2576370623,7196.735797,127.6649832,807978.4542,10213.19865,1293.095338,7.343923606,0.2517183542,0.9770269539
allstate,run_0,UACQR-P,0.95,0.05,0.949,0.2416818445,6751.048804,124.4593624,776175.0782,9956.748994,1207.386075,1.570792804,0.2402222883,0.9939608367
allstate,run_0,clear,0.95,0.05,0.966,0.2598414587,7258.312569,113.0444849,628829.314,9043.558792,1173.867648,0.5973103416,0.2389736206,
allstate,run_1,UACQR-S,0.95,0.05,0.951,0.312393827,7423.680045,108.7083593,711020.2426,8696.668748,1342.708226,1.936295966,0.3103448557,0.9934410636
allstate,run_1,UACQR-P,0.95,0.05,0.949,0.2855811252,6786.507023,102.3330927,564979.823,8186.647413,1202.422605,0.9455948213,0.2856384698,1.000200799
allstate,run_1,clear,0.95,0.05,0.938,0.2799580834,6652.8819,111.3657168,551182.3308,8909.257346,1186.624418,0.6038984837,0.2953595162,
allstate,run_2,UACQR-S,0.95,0.05,0.959,0.2431335768,7510.529911,109.680173,681380.7541,8774.413841,1365.906566,0.4939356814,0.2316376667,0.9527177189
allstate,run_2,UACQR-P,0.95,0.05,0.955,0.2266123418,7000.179875,106.3477817,599373.6442,8507.822535,1255.98125,0.4467447575,0.2243177233,0.9898742562
allstate,run_2,clear,0.95,0.05,0.951,0.2114572842,6532.031811,122.1031762,609317.5702,9768.254098,1037.456476,1.094939478,0.207119734,
allstate,run_3,UACQR-S,0.95,0.05,0.967,0.3269094748,7754.910601,110.6662096,722411.3587,8853.296767,1338.25304,0.5395989495,0.3052951935,0.933882977
allstate,run_3,UACQR-P,0.95,0.05,0.958,0.2989613115,7091.927347,103.5319547,569097.8544,8282.556377,1212.50917,0.6951400504,0.2827907538,0.9459108682
allstate,run_3,clear,0.95,0.05,0.956,0.3089039328,7327.785113,108.1343174,602223.0522,8650.745394,1230.850643,0.5482654311,0.299412391,
allstate,run_4,UACQR-S,0.95,0.05,0.956,0.2557213134,7887.547464,122.5556474,819756.2179,9804.451796,1475.927179,0.4922210085,0.2525133172,0.9874551082
allstate,run_4,UACQR-P,0.95,0.05,0.951,0.2277153195,7023.721907,117.8423985,672354.4294,9427.391877,1306.754199,0.4890450162,0.2266140305,0.9951637465
allstate,run_4,clear,0.95,0.05,0.947,0.2112557228,6516.037005,123.4222691,669349.1472,9873.781528,1079.234175,0.8095269578,0.2128714167,
allstate,run_5,UACQR-S,0.95,0.05,0.934,0.2915658935,6929.605771,118.4028835,649796.334,9472.230681,1261.998229,0.5698937233,0.3059177864,1.049223497
allstate,run_5,UACQR-P,0.95,0.05,0.939,0.2832813336,6732.707797,116.4411028,596824.2642,9315.288227,1198.327343,0.6944466622,0.291538402,1.029147944
allstate,run_5,clear,0.95,0.05,0.948,0.2904550684,6903.204946,123.5801485,642991.5725,9886.411881,1197.838999,0.5601133813,0.2942082644,
allstate,run_6,UACQR-S,0.95,0.05,0.956,0.3504477339,7339.44091,108.3567891,648448.9871,8668.543125,1283.423649,1.276330382,0.342142445,0.9763009197
allstate,run_6,UACQR-P,0.95,0.05,0.951,0.3214497584,6732.135148,104.6004485,557822.9932,8368.035878,1174.969543,3.71310828,0.314405906,0.9780872371
allstate,run_6,clear,0.95,0.05,0.957,0.3335073635,6984.658055,108.8278243,589121.8894,8706.225942,1197.031876,0.6521605918,0.3240534501,
allstate,run_7,UACQR-S,0.95,0.05,0.964,0.3532035634,7663.182216,121.0654186,875730.133,9685.233485,1366.915979,33.68208901,0.3295546099,0.9330444084
allstate,run_7,UACQR-P,0.95,0.05,0.963,0.3447274144,7479.281824,115.8801395,803025.9975,9270.411164,1322.335301,4.265743457,0.3255241161,0.9442942523
allstate,run_7,clear,0.95,0.05,0.947,0.2978549656,6462.326862,112.146335,548692.4113,8971.706797,1101.01797,0.8500917208,0.2995883419,
allstate,run_8,UACQR-S,0.95,0.05,0.954,0.4136364278,7637.167911,115.8514048,710422.7997,9268.112387,1382.483416,0.7321649841,0.4064940336,0.9827326762
allstate,run_8,UACQR-P,0.95,0.05,0.957,0.3791282277,7000.026449,107.226663,595494.7409,8578.133039,1236.719259,0.815871899,0.3692946201,0.9740625813
allstate,run_8,clear,0.95,0.05,0.944,0.3782979761,6984.697117,105.8153999,541801.8168,8465.231991,1201.837513,0.6223597222,0.3901977138,
allstate,run_9,UACQR-S,0.95,0.05,0.961,0.25099474,7753.365565,123.5038713,786335.0268,9880.309706,1385.716973,0.5167810105,0.2392225169,0.9530977299
allstate,run_9,UACQR-P,0.95,0.05,0.957,0.2322607784,7174.663188,117.8258722,726308.5703,9426.069778,1275.078084,0.6013901856,0.2234392354,0.9620188002
allstate,run_9,clear,0.95,0.05,0.955,0.2212727728,6835.237652,124.1339682,645171.8457,9930.71746,1069.594262,0.6557511385,0.2101604099,
ca_housing,run_0,UACQR-S,0.95,0.05,0.9622093023,0.41328042,197341.8138,3046.969184,440015092.8,243757.5347,31541.0531,2.048717395,0.41328042,1
ca_housing,run_0,UACQR-P,0.95,0.05,0.9520348837,0.3673410427,175405.7152,2948.861702,378132095.7,235908.9362,28690.1018,1.96042743,0.3673410427,1
ca_housing,run_0,clear,0.95,0.05,0.949127907,0.3124928093,149215.6289,2855.171007,295904073.6,228413.6805,23074.27353,1.254737478,0.3173563906,
ca_housing,run_1,UACQR-S,0.95,0.05,0.9563953488,0.4035293722,195712.5526,3097.068102,450832009.1,247765.4482,32117.6285,7.576311728,0.4035293722,1
ca_housing,run_1,UACQR-P,0.95,0.05,0.9484011628,0.359316942,174269.4355,3014.853827,394683943.2,241188.3062,29412.53997,11.21106867,0.3617111225,1.006663144
ca_housing,run_1,clear,0.95,0.05,0.9583333333,0.3304161844,160252.5102,2810.540391,302011326.6,224843.2313,23735.56774,1.020803019,0.3089867793,
ca_housing,run_2,UACQR-S,0.95,0.05,0.9612403101,0.4003206958,194156.3381,3015.533493,437740715.7,241242.6794,31960.12828,6.001760002,0.4003206958,1
ca_housing,run_2,UACQR-P,0.95,0.05,0.9573643411,0.3775717701,183123.0636,2880.760731,388211155.8,230460.8585,29959.98851,3.428029619,0.3775717701,1
ca_housing,run_2,clear,0.95,0.05,0.9624515504,0.3270253235,158607.9359,2619.383374,285114464.7,209550.6699,23268.1823,1.122726808,0.2961671488,
ca_housing,run_3,UACQR-S,0.95,0.05,0.957122093,0.4041475687,192980.8682,2988.412191,434607131.7,239072.9753,32587.57147,2.644458422,0.4041475687,1
ca_housing,run_3,UACQR-P,0.95,0.05,0.9496124031,0.369780194,176570.4124,2960.51943,393786961.9,236841.5544,30337.40784,2.252026188,0.3697811991,1.000002718
ca_housing,run_3,clear,0.95,0.05,0.9464631783,0.310774277,148395.028,2834.29945,297927267.9,226743.956,23829.46616,1.054617888,0.316342713,
ca_housing,run_4,UACQR-S,0.95,0.05,0.9626937984,0.4019829293,194962.5247,3079.618026,457375108.5,246369.4421,32254.57132,28.77643953,0.4019829293,1
ca_housing,run_4,UACQR-P,0.95,0.05,0.9539728682,0.3614038818,175281.6055,2982.345695,408796314.5,238587.6556,29475.5526,2.363698015,0.3614038818,1
ca_housing,run_4,clear,0.95,0.05,0.9476744186,0.3089736204,149852.8239,2884.945277,306106964.8,230795.6221,23778.46383,1.591404072,0.3150474493,
ca_housing,run_5,UACQR-S,0.95,0.05,0.9612403101,0.4137076993,197545.8401,3030.111577,441083701,242408.9261,32376.04062,22.5934459,0.4137076993,1
ca_housing,run_5,UACQR-P,0.95,0.05,0.949127907,0.363069576,173366.0856,2906.337559,373161853.4,232507.0047,29169.82659,21.7985278,0.3630706467,1.000002949
ca_housing,run_5,clear,0.95,0.05,0.9416182171,0.2999643314,143233.2682,2745.622239,269670853,219649.7791,23050.0634,0.9176765877,0.3115338781,
ca_housing,run_6,UACQR-S,0.95,0.05,0.9617248062,0.4062349705,197024.7732,3025.537129,446792994.2,242042.9704,31929.9643,2.52834733,0.4062349705,1
ca_housing,run_6,UACQR-P,0.95,0.05,0.949127907,0.3567116785,173005.8775,2920.915692,377723184.7,233673.2554,28915.03022,118.5570898,0.3567141167,1.000006835
ca_housing,run_6,clear,0.95,0.05,0.9500968992,0.3096489227,150180.3468,2768.336949,288495830.8,221466.9559,23184.40479,1.078084738,0.3093273164,
ca_housing,run_7,UACQR-S,0.95,0.05,0.9656007752,0.3975868412,192830.4131,2975.857447,438608230,238068.5958,31332.28606,4.931467956,0.3975868412,1
ca_housing,run_7,UACQR-P,0.95,0.05,0.9588178295,0.3633434706,176222.3099,2862.319432,389894724.2,228985.5546,29024.68363,4.391362063,0.3633434706,1
ca_housing,run_7,clear,0.95,0.05,0.9561531008,0.3069781174,148885.0009,2619.057861,270349237.9,209524.6289,22872.95679,0.9380521132,0.2927862115,
ca_housing,run_8,UACQR-S,0.95,0.05,0.9588178295,0.4135692737,197479.7417,3098.045461,458283131.7,247843.6369,32757.89349,2.25223724,0.4135692737,1
ca_housing,run_8,UACQR-P,0.95,0.05,0.9500968992,0.3655783904,174564.047,2978.667947,387770647.4,238293.4358,29556.76906,2.129458169,0.3655783904,1
ca_housing,run_8,clear,0.95,0.05,0.9411337209,0.3115537417,148767.2232,2889.73376,299870600.1,231178.7008,23541.66129,1.159256184,0.3273705983,
ca_housing,run_9,UACQR-S,0.95,0.05,0.9554263566,0.4000545601,194027.2617,3138.585915,452738924.9,251086.8732,31757.02819,3.993153889,0.4000545601,1
ca_housing,run_9,UACQR-P,0.95,0.05,0.9508236434,0.3686289505,178785.7783,3037.497731,400996608.5,242999.8185,29634.07241,4.973605155,0.3686289505,1
ca_housing,run_9,clear,0.95,0.05,0.9583333333,0.3279342773,159048.7804,2771.6927,306526135.3,221735.416,23668.68909,1.65975672,0.3124062659,
computer,run_0,UACQR-S,0.95,0.05,0.9701037218,0.1023395949,10.13161989,0.1493572682,1.081050474,11.94858145,1.518832761,0.5623044759,0.1023395949,1
computer,run_0,UACQR-P,0.95,0.05,0.9585112874,0.08533982288,8.448642465,0.1419869204,0.8555934211,11.35895363,1.389499397,0.7178647821,0.08533982288,1
computer,run_0,clear,0.95,0.05,0.9426479561,0.07501674766,7.426658019,0.1436582008,1.998214071,11.49265607,1.188335744,0.5231172892,0.07812600889,
computer,run_1,UACQR-S,0.95,0.05,0.971323978,0.1020510166,10.10305064,0.1543464002,1.129199035,12.34771202,1.549206301,0.3964834826,0.1020510166,1
computer,run_1,UACQR-P,0.95,0.05,0.9395973154,0.08057204134,7.976632093,0.1572582367,0.8704268418,12.58065894,1.40855823,1.887637934,0.09515016364,1.180932766
computer,run_1,clear,0.95,0.05,0.9365466748,0.07826414694,7.748150547,0.1361882901,0.9622169184,10.89506321,1.264947936,0.2148819557,0.08272850711,
computer,run_2,UACQR-S,0.95,0.05,0.9731543624,0.1027431114,10.17156803,0.1536470409,1.109587534,12.29176327,1.511600983,4.159021875,0.1027431114,1
computer,run_2,UACQR-P,0.95,0.05,0.9560707749,0.08212555697,8.13043014,0.1459866916,0.8499914344,11.67893533,1.346218662,0.6426069443,0.08212555697,1
computer,run_2,clear,0.95,0.05,0.9585112874,0.08188411536,8.10652742,0.129232972,0.6754268301,10.33863776,1.177733364,0.268297778,0.07978533839,
computer,run_3,UACQR-S,0.95,0.05,0.9731543624,0.1023395949,10.13161989,0.1552831376,1.132610905,12.42265101,1.530321137,20.19869043,0.1023395949,1
computer,run_3,UACQR-P,0.95,0.05,0.9572910311,0.08548865716,8.463377059,0.1504764719,0.9375091281,12.03811775,1.39539966,16.86703569,0.08548865716,1
computer,run_3,clear,0.95,0.05,0.9487492373,0.08325671515,8.2424148,0.1602911693,2.533801963,12.82329355,1.289264835,0.6786330445,0.08414706083,
computer,run_4,UACQR-S,0.95,0.05,0.9731543624,0.100622608,9.961638194,0.1522889338,1.175790788,12.1831147,1.512992105,0.373107229,0.100622608,1
computer,run_4,UACQR-P,0.95,0.05,0.9481391092,0.07888756386,7.809868822,0.1470589918,0.8483275768,11.76471934,1.331821354,0.2863405555,0.08580165547,1.087644887
computer,run_4,clear,0.95,0.05,0.9475289811,0.08824894881,8.736645932,0.1406968966,0.8488007326,11.25575173,1.345200013,0.1844993454,0.08905795989,
computer,run_5,UACQR-S,0.95,0.05,0.9707138499,0.1028182989,10.17901159,0.1592312386,1.225689874,12.73849908,1.576398393,0.480392673,0.1028182989,1
computer,run_5,UACQR-P,0.95,0.05,0.9603416718,0.08828939178,8.740649786,0.1503121187,0.9651735958,12.02496949,1.434143419,4.337364967,0.08828939178,1
computer,run_5,clear,0.95,0.05,0.9554606467,0.0835414278,8.270601352,0.1495523937,1.915889752,11.9641915,1.228888948,0.37982967,0.08150672508,
computer,run_6,UACQR-S,0.95,0.05,0.9737644905,0.1024445184,10.14200732,0.1538571538,1.091420941,12.3085723,1.478103153,0.452212545,0.1024445184,1
computer,run_6,UACQR-P,0.95,0.05,0.951799878,0.08304429284,8.221384991,0.1466660311,0.8495939407,11.73328249,1.343913737,1.75323359,0.08304429284,1
computer,run_6,clear,0.95,0.05,0.9438682123,0.07873760606,7.795023,0.1325114254,0.8951075258,10.60091403,1.197354042,0.3718157703,0.08212361617,
computer,run_7,UACQR-S,0.95,0.05,0.971323978,0.1020883022,10.10674192,0.1453397651,1.032001201,11.62718121,1.522754391,0.3889376003,0.1020883022,1
computer,run_7,UACQR-P,0.95,0.05,0.9359365467,0.07774958246,7.697208664,0.1498606239,0.7677257522,11.98884991,1.368590785,0.4155238231,0.09253348199,1.190147639
computer,run_7,clear,0.95,0.05,0.9408175717,0.07467966459,7.393286794,0.1351794662,0.668102562,10.8143573,1.188090166,0.1440762534,0.07958272959,
computer,run_8,UACQR-S,0.95,0.05,0.9755948749,0.0985973216,9.761134838,0.1491420073,1.052466023,11.93136059,1.482697599,0.6196208397,0.0985973216,1
computer,run_8,UACQR-P,0.95,0.05,0.9621720561,0.0870330825,8.616275168,0.144067076,0.8844975738,11.52536608,1.379198086,0.5434346354,0.0870330825,1
computer,run_8,clear,0.95,0.05,0.9579011592,0.08094791765,8.013843847,0.1266949367,0.6701399368,10.13559494,1.166896511,0.3099714716,0.07718432238,
computer,run_9,UACQR-S,0.95,0.05,0.9835265406,0.1020901511,10.10692495,0.1437633466,1.004744862,11.50106772,1.486509424,0.5637585365,0.1020901511,1
computer,run_9,UACQR-P,0.95,0.05,0.9670530811,0.0835897104,8.27538133,0.1350163972,0.7516356868,10.80131178,1.329980209,1.527475955,0.0835897104,1
computer,run_9,clear,0.95,0.05,0.9591214155,0.07887288558,7.808415673,0.1182964325,0.6057370191,9.463714597,1.135096851,0.2331294014,0.07585738586,
concrete,run_0,UACQR-S,0.95,0.05,0.9854368932,0.4154979607,31.28699644,0.4169313215,8.182715408,33.35450572,4.235808721,0.5239773365,0.3652405543,0.879042953
concrete,run_0,UACQR-P,0.95,0.05,0.9660194175,0.3955411848,29.78425121,0.4362357858,7.708505703,34.89886286,4.179822903,0.751718632,0.3822657138,0.9664371967
concrete,run_0,clear,0.95,0.05,0.927184466,0.2737108756,20.61042893,0.3421209574,4.558599764,27.36967659,3.379176541,0.4912054894,0.2961576355,
concrete,run_1,UACQR-S,0.95,0.05,0.9805825243,0.4171285786,32.1063867,0.4245365321,8.449404139,33.96292257,4.204476921,0.6657606009,0.2929242941,0.7022398107
concrete,run_1,UACQR-P,0.95,0.05,0.9757281553,0.3782728834,29.11566383,0.405933662,6.98375758,32.47469296,3.924592715,2.95949789,0.2646287979,0.6995711548
concrete,run_1,clear,0.95,0.05,0.9757281553,0.2855956163,21.98229459,0.3326607483,4.771415958,26.61285987,3.239873381,0.4629651775,0.2487134964,
concrete,run_2,UACQR-S,0.95,0.05,0.9611650485,0.3837116444,29.7990463,0.4198989838,7.558845665,33.5919187,4.204946625,1.534955511,0.3620396093,0.9435199963
concrete,run_2,UACQR-P,0.95,0.05,0.9223300971,0.3475640332,26.99182282,0.4267855279,6.543360691,34.14284223,4.065591896,1.478307921,0.3518321356,1.012280046
concrete,run_2,clear,0.95,0.05,0.9611650485,0.2506701978,19.46704756,0.3112103879,4.080920057,24.89683103,3.084884658,0.5712176226,0.2434711122,
concrete,run_3,UACQR-S,0.95,0.05,0.9854368932,0.4287898843,33.04683639,0.4277497429,8.715376669,34.21997944,4.314234813,1.095308906,0.2809032787,0.6551070559
concrete,run_3,UACQR-P,0.95,0.05,0.9757281553,0.3995038554,30.78976214,0.4093841626,7.531092092,32.75073301,4.08345326,0.9635605644,0.2818338099,0.7054595497
concrete,run_3,clear,0.95,0.05,0.9660194175,0.2837906628,21.87174638,0.3659501304,6.099953204,29.27601043,3.331454478,1.418381156,0.2547740571,
concrete,run_4,UACQR-S,0.95,0.05,0.9757281553,0.4237366629,31.76753762,0.4039297785,7.976808717,32.31438228,4.134994752,0.9060233389,0.2774873198,0.6548579437
concrete,run_4,UACQR-P,0.95,0.05,0.9902912621,0.4165775372,31.23081796,0.3994628944,7.535631178,31.95703155,3.984962413,0.3773393876,0.2437891345,0.5852191075
concrete,run_4,clear,0.95,0.05,0.9611650485,0.2339094402,17.53619074,0.3128691474,3.627228223,25.02953179,2.90165413,3.688238743,0.2176593935,
concrete,run_5,UACQR-S,0.95,0.05,0.9805825243,0.4354041453,32.74674576,0.448860639,8.810148308,35.90885112,4.443226351,1.060601821,0.3449725623,0.7923042672
concrete,run_5,UACQR-P,0.95,0.05,0.9611650485,0.3865595427,29.0731432,0.4143627124,7.312036443,33.14901699,4.300088877,1.973849909,0.3728393587,0.9645069325
concrete,run_5,clear,0.95,0.05,0.9514563107,0.3106125893,23.36117284,0.3726493392,5.871898549,29.81194714,3.704710627,2.641227607,0.2821761583,
concrete,run_6,UACQR-S,0.95,0.05,0.9708737864,0.405739397,30.23569987,0.4047930907,7.625223261,32.38344726,4.295704506,0.4880001854,0.3133660852,0.7723333931
concrete,run_6,UACQR-P,0.95,0.05,0.9708737864,0.3646116537,27.17086044,0.3901733768,6.428971896,31.21387015,3.958644541,0.6056236627,0.3434556956,0.9419767362
concrete,run_6,clear,0.95,0.05,0.9805825243,0.3201403182,23.85685651,0.3220837782,5.280325467,25.76670226,3.449818087,1.438694962,0.2639820325,
concrete,run_7,UACQR-S,0.95,0.05,0.9223300971,0.3598922763,27.77648589,0.5162031901,8.301914029,41.29625521,4.497047859,1.21314781,0.427265043,1.187202591
concrete,run_7,UACQR-P,0.95,0.05,0.932038835,0.3651795104,28.18455461,0.4776285346,7.587147831,38.21028277,4.357822137,0.6185456303,0.4124534736,1.129454041
concrete,run_7,clear,0.95,0.05,0.9466019417,0.3056903495,23.59318117,0.3846083422,5.640942929,30.76866738,3.477218271,0.3658784662,0.3264218104,
concrete,run_8,UACQR-S,0.95,0.05,0.9514563107,0.3916481413,29.53810282,0.4219465004,7.189391763,33.75572003,4.030375051,1.131750719,0.3144305839,0.8028394642
concrete,run_8,UACQR-P,0.95,0.05,0.9708737864,0.3567592035,26.90677913,0.3864215109,6.009871752,30.91372087,3.735292179,1.277884628,0.3219769848,0.9025050558
concrete,run_8,clear,0.95,0.05,0.9660194175,0.2785459584,21.00793618,0.3479008788,4.881783415,27.8320703,2.83812336,0.5085015309,0.229995612,
concrete,run_9,UACQR-S,0.95,0.05,0.9757281553,0.3916350542,28.96924496,0.3762560439,6.882840374,30.10048351,3.956988774,0.4236246181,0.309783395,0.7910001714
concrete,run_9,UACQR-P,0.95,0.05,0.9611650485,0.3680043635,27.22128277,0.3655069326,6.077968355,29.24055461,3.813167658,0.4111575036,0.3424196631,0.930477182
concrete,run_9,clear,0.95,0.05,0.9563106796,0.2360475034,17.46043383,0.2738866342,3.229089955,21.91093074,2.864943545,0.4498812622,0.2258480747,
elevator,run_0,UACQR-S,0.95,0.05,0.9756024096,0.197318184,0.01223372741,0.0001828688818,1.637662248e-06,0.01462951054,0.001909021435,1.905865934,0.197318184,1
elevator,run_0,UACQR-P,0.95,0.05,0.9527108434,0.1575429946,0.009767665663,0.000180299887,1.311591722e-06,0.01442399096,0.001665066815,6.356769658,0.1575429946,1
elevator,run_0,clear,0.95,0.05,0.956626506,0.1291373769,0.008006517367,0.0001270174719,6.4103525e-07,0.01016139775,0.001176510291,0.3518643604,0.1243288633,
elevator,run_1,UACQR-S,0.95,0.05,0.9762048193,0.2199556261,0.01231751506,0.0001781971009,1.586214844e-06,0.01425576807,0.001902845396,3.216757702,0.2199556261,1
elevator,run_1,UACQR-P,0.95,0.05,0.9563253012,0.1770705142,0.009915948795,0.0001714004142,1.195687599e-06,0.01371203313,0.001653733722,12.5573913,0.1770705142,1
elevator,run_1,clear,0.95,0.05,0.9551204819,0.1438657531,0.008056482176,0.0001267753503,6.408028307e-07,0.01014202803,0.001195336124,0.3152638263,0.1400854857,
elevator,run_2,UACQR-S,0.95,0.05,0.9644578313,0.2035490713,0.01221294428,0.000190447948,1.673573713e-06,0.01523583584,0.001982831395,4.312345842,0.2035490713,1
elevator,run_2,UACQR-P,0.95,0.05,0.9454819277,0.165378012,0.009922680723,0.0001861118223,1.335609121e-06,0.01488894578,0.001726696171,30.46100407,0.1807233293,1.092789344
elevator,run_2,clear,0.95,0.05,0.9454819277,0.1314134366,0.007884806196,0.0001340656447,6.839905564e-07,0.01072525157,0.001216447355,0.4173104156,0.1349022214,
elevator,run_3,UACQR-S,0.95,0.05,0.975,0.1889230787,0.01246892319,0.0001850746423,1.75743449e-06,0.01480597139,0.001944553593,0.8160767397,0.1889230787,1
elevator,run_3,UACQR-P,0.95,0.05,0.9430722892,0.1408822791,0.009298230422,0.0001825305911,1.327491409e-06,0.01460244729,0.001623667835,1.220516996,0.1546069273,1.097419265
elevator,run_3,clear,0.95,0.05,0.9493975904,0.1195399205,0.007889634754,0.0001318169364,6.669978684e-07,0.01054535491,0.001203051945,0.3652819349,0.1196832707,
elevator,run_4,UACQR-S,0.95,0.05,0.9722891566,0.1883011592,0.01242787651,0.0001868846009,1.736926431e-06,0.01495076807,0.001960457781,0.9611567935,0.1883011592,1
elevator,run_4,UACQR-P,0.95,0.05,0.9524096386,0.1483361857,0.009790188253,0.0001803894014,1.345675327e-06,0.01443115211,0.001660504464,2.325701629,0.1483361857,1
elevator,run_4,clear,0.95,0.05,0.9496987952,0.1164213384,0.007683808336,0.0001328096384,6.536303873e-07,0.01062477107,0.001182608179,0.3488964753,0.1164878267,
elevator,run_5,UACQR-S,0.95,0.05,0.9704819277,0.1997251506,0.01238295934,0.0001844857869,1.663050078e-06,0.01475886295,0.00193216473,2.201704305,0.1997251506,1
elevator,run_5,UACQR-P,0.95,0.05,0.9454819277,0.154609041,0.009585760542,0.0001815953502,1.271875958e-06,0.01452762801,0.001651031026,0.9726472132,0.1716253977,1.110060554
elevator,run_5,clear,0.95,0.05,0.9521084337,0.1274584571,0.007902424342,0.0001325738636,6.486990381e-07,0.01060590909,0.00119911168,0.3496860111,0.1255730591,
elevator,run_6,UACQR-S,0.95,0.05,0.9731927711,0.1861114914,0.01228335843,0.0001836511672,1.69538558e-06,0.01469209337,0.00194423911,3.509464065,0.1861114914,1
elevator,run_6,UACQR-P,0.95,0.05,0.9457831325,0.1448308005,0.009558832831,0.0001773317959,1.300323816e-06,0.01418654367,0.001654543135,2.075137564,0.1602504927,1.10646694
elevator,run_6,clear,0.95,0.05,0.9469879518,0.1170115959,0.007722765332,0.0001321873651,6.636864651e-07,0.01057498921,0.001190305375,0.245742632,0.1184376803,
elevator,run_7,UACQR-S,0.95,0.05,0.9719879518,0.1964365527,0.01217906627,0.0001924943524,1.71959488e-06,0.01539954819,0.001936501168,4.878505485,0.1964365527,1
elevator,run_7,UACQR-P,0.95,0.05,0.9575301205,0.162786266,0.01009274849,0.0001817165851,1.347449598e-06,0.01453732681,0.001685536212,15.78243623,0.162786266,1
elevator,run_7,clear,0.95,0.05,0.9623493976,0.129798509,0.008047507556,0.0001248901679,6.367677654e-07,0.009991213436,0.001181869042,0.2428818105,0.1213144302,
elevator,run_8,UACQR-S,0.95,0.05,0.9728915663,0.210295972,0.01240746235,0.000180194936,1.610392279e-06,0.01441559488,0.001952408152,3.741131802,0.210295972,1
elevator,run_8,UACQR-P,0.95,0.05,0.9524096386,0.1690692005,0.009975082831,0.0001790334149,1.249817378e-06,0.01432267319,0.001668115183,138.1156152,0.1690692005,1
elevator,run_8,clear,0.95,0.05,0.9496987952,0.1341956682,0.007917544423,0.0001318392432,6.502737385e-07,0.01054713946,0.001194053418,0.403472858,0.1349463549,
elevator,run_9,UACQR-S,0.95,0.05,0.9677710843,0.1986640109,0.01231716867,0.0001826167169,1.611471706e-06,0.01460933735,0.001966607731,2.03002727,0.1986640109,1
elevator,run_9,UACQR-P,0.95,0.05,0.9376506024,0.1558219977,0.009660963855,0.0001872567771,1.253699351e-06,0.01498054217,0.00168226996,4.350449666,0.1919867114,1.232089912
elevator,run_9,clear,0.95,0.05,0.9436746988,0.1238430856,0.007678271308,0.0001348111114,6.442926587e-07,0.01078488891,0.001201032125,0.3150056357,0.1278384108,
energy_efficiency,run_0,UACQR-S,0.95,0.05,0.9675324675,0.1689919029,6.166514538,0.08525929217,0.4506898384,6.820743374,0.9769339371,5.102698605,0.1260685536,0.7460035154
energy_efficiency,run_0,UACQR-P,0.95,0.05,1,inf,inf,inf,inf,inf,inf,inf,inf,0
energy_efficiency,run_0,clear,0.95,0.05,0.9675324675,0.05557407915,2.027898148,0.03573994584,0.04637889289,2.859195667,0.278152126,0.2048656949,0.04927860754,
energy_efficiency,run_1,UACQR-S,0.95,0.05,0.9545454545,0.152992736,5.619423191,0.08188697094,0.3928380988,6.550957675,0.8878382289,0.7765209148,0.1098567287,0.7180519262
energy_efficiency,run_1,UACQR-P,0.95,0.05,0.9675324675,0.1502924111,5.52024026,0.08676193182,0.3858174454,6.940954545,0.8741092788,0.6329057858,0.1152244489,0.7666684437
energy_efficiency,run_1,clear,0.95,0.05,0.9545454545,0.05412521005,1.988018965,0.04784111356,0.09397536102,3.827289084,0.3151172724,0.3445040583,0.04613606249,
energy_efficiency,run_2,UACQR-S,0.95,0.05,0.974025974,0.1619880262,5.954679842,0.08341368766,0.3754664569,6.673095013,0.8836116679,0.2524891146,0.115474268,0.7128568124
energy_efficiency,run_2,UACQR-P,0.95,0.05,0.974025974,0.1632614767,6.001491883,0.07690176542,0.3658019564,6.152141234,0.8125022567,0.2206053569,0.1480895773,0.9070699365
energy_efficiency,run_2,clear,0.95,0.05,0.974025974,0.03972766774,1.460389066,0.02590076275,0.03092856119,2.07206102,0.2267726848,0.2289935262,0.03307424427,
energy_efficiency,run_3,UACQR-S,0.95,0.05,0.9545454545,0.1572891675,5.725325698,0.08490993208,0.425662241,6.792794566,0.9701090442,1.223959358,0.1380093667,0.8774244846
energy_efficiency,run_3,UACQR-P,0.95,0.05,0.9675324675,0.1453858641,5.292045455,0.06814488636,0.33140216,5.451590909,0.8592987574,0.4610291168,0.1430293382,0.983791231
energy_efficiency,run_3,clear,0.95,0.05,0.9675324675,0.03548654392,1.291710199,0.02374088954,0.02595021792,1.899271163,0.2011659942,0.1622576128,0.03340707619,
energy_efficiency,run_4,UACQR-S,0.95,0.05,0.9675324675,0.1584053862,5.691505525,0.07446804882,0.4115431738,5.957443906,0.9179798493,5.664821149,0.1430909433,0.9033211986
energy_efficiency,run_4,UACQR-P,0.95,0.05,0.974025974,0.1507107977,5.415038961,0.07421396104,0.3677872728,5.937116883,0.8536066197,0.1416333512,0.1299865576,0.8624900115
energy_efficiency,run_4,clear,0.95,0.05,0.9350649351,0.03725531445,1.338583448,0.02730192975,0.03670750923,2.18415438,0.2461904851,0.1698733074,0.04184119635,
energy_efficiency,run_5,UACQR-S,0.95,0.05,0.9545454545,0.1502807999,5.548367134,0.07114953312,0.374228434,5.69196265,0.907095221,0.1941453714,0.1502798145,0.9999934428
energy_efficiency,run_5,UACQR-P,0.95,0.05,0.961038961,0.1699733365,6.275415584,0.08149464286,0.4413454696,6.519571429,0.9323337538,0.2033735992,0.1699733365,1
energy_efficiency,run_5,clear,0.95,0.05,0.9675324675,0.04862836307,1.795359164,0.02600949689,0.03620469509,2.080759752,0.2675506558,0.05741984601,0.03796885239,
energy_efficiency,run_6,UACQR-S,0.95,0.05,0.974025974,0.1564487668,5.683783697,0.07274042292,0.3662446353,5.819233833,0.8243324687,0.5749718999,0.1289804583,0.8244261744
energy_efficiency,run_6,UACQR-P,0.95,0.05,0.9675324675,0.1627522869,5.912790584,0.07696751218,0.3833108788,6.157400974,0.8852830321,0.2809741475,0.1303961895,0.8011942072
energy_efficiency,run_6,clear,0.95,0.05,0.9545454545,0.04268330586,1.550684502,0.02466416819,0.03215702005,1.973133455,0.2477498011,0.05562151123,0.04159088418,
energy_efficiency,run_7,UACQR-S,0.95,0.05,0.9675324675,0.1521886406,5.588366883,0.07313380682,0.35150075,5.850704545,0.9370519115,0.7632965604,0.1521886406,1
energy_efficiency,run_7,UACQR-P,0.95,0.05,0.9285714286,0.1405373324,5.160530844,0.07554559659,0.3172388345,6.043647727,0.8871820328,3.740788228,0.1480691674,1.053593127
energy_efficiency,run_7,clear,0.95,0.05,0.9480519481,0.03901791157,1.432737713,0.02644290381,0.02894486536,2.115432305,0.2255642812,0.1666735954,0.03920968743,
energy_efficiency,run_8,UACQR-S,0.95,0.05,0.9285714286,0.1501948654,5.394999566,0.07803658986,0.3638754283,6.242927189,0.8647933263,0.7333034529,0.159050802,1.058962978
energy_efficiency,run_8,UACQR-P,0.95,0.05,0.9480519481,0.1295276932,4.65263474,0.07431377841,0.2959088907,5.945102273,0.7672974754,5.024638458,0.1140775132,0.8807190988
energy_efficiency,run_8,clear,0.95,0.05,0.9415584416,0.03568690595,1.281873662,0.02911441136,0.04595788044,2.329152909,0.2382858804,0.3147487872,0.03626458519,
energy_efficiency,run_9,UACQR-S,0.95,0.05,0.974025974,0.1603797867,5.780087513,0.07478691071,0.4192048374,5.982952857,1.089241343,1.044255373,0.1305820138,0.8142049348
energy_efficiency,run_9,UACQR-P,0.95,0.05,0.9675324675,0.1749254076,6.304311688,0.0839288961,0.4633011061,6.714311688,1.082136181,0.3976623085,0.1448825864,0.8282535308
energy_efficiency,run_9,clear,0.95,0.05,0.9350649351,0.04438204749,1.599528992,0.02668974322,0.02607566114,2.135179458,0.2477279335,0.04887903212,0.05281612495,
insurance,run_0,UACQR-S,0.95,0.05,0.9664179104,0.3114926489,18342.38738,319.2713823,4304523.739,25541.71059,4261.637777,0.5507106669,0.2829205656,0.9082736514
insurance,run_0,UACQR-P,0.95,0.05,0.9776119403,0.3285636931,19347.62364,302.560275,4218983.442,24204.822,4320.642485,0.5866504871,0.2919415837,0.8885387819
insurance,run_0,clear,0.95,0.05,0.9701492537,0.4994750446,29411.8169,467.4862444,9820939.458,37398.89955,4226.015641,1.311712155,0.3179975285,
insurance,run_1,UACQR-S,0.95,0.05,0.9440298507,0.2755796165,16937.49981,460.5360689,6068385.321,36842.88551,4279.153464,21.50831402,0.2749831516,0.9978355986
insurance,run_1,UACQR-P,0.95,0.05,0.9514925373,0.2684347191,16498.36465,435.2872061,5736316.425,34822.97649,4119.195753,7.375482923,0.2633560203,0.9810803206
insurance,run_1,clear,0.95,0.05,0.9440298507,0.3546884796,21799.63863,377.8959983,5359285.422,30231.67987,4550.116625,0.5751023675,0.370260188,
insurance,run_2,UACQR-S,0.95,0.05,0.9589552239,0.2761361832,17295.22605,340.7800361,4661839.163,27262.40289,4050.447168,0.9839143203,0.2681579297,0.9711075405
insurance,run_2,UACQR-P,0.95,0.05,0.9589552239,0.2849183668,17845.28019,355.4181512,4681394.458,28433.4521,4200.30936,1.596086938,0.2750413597,0.9653339053
insurance,run_2,clear,0.95,0.05,0.9552238806,0.4091553596,25626.61058,521.6558863,8729454.384,41732.4709,3994.784956,1.985948086,0.3698769422,
insurance,run_3,UACQR-S,0.95,0.05,0.9701492537,0.269806794,15887.69671,311.1468784,4043483.564,24891.75027,3605.018255,1.094576923,0.2519345375,0.9337590567
insurance,run_3,UACQR-P,0.95,0.05,0.9664179104,0.2584224709,15217.32563,317.5907238,3986139.607,25407.2579,3558.971718,0.908806173,0.2454084005,0.9496403299
insurance,run_3,clear,0.95,0.05,0.9626865672,0.3151042363,18555.05736,296.8626622,3631229.31,23749.01298,3590.153021,0.5611604655,0.2867279166,
insurance,run_4,UACQR-S,0.95,0.05,0.9626865672,0.3608598267,16719.13643,308.6642404,3968809.444,24693.13923,4061.442376,4.254712488,0.3477810952,0.963756754
insurance,run_4,UACQR-P,0.95,0.05,0.9402985075,0.3297178445,15276.28519,302.2495308,3590227.977,24179.96246,3731.819422,3.652547431,0.3397999877,1.030578094
insurance,run_4,clear,0.95,0.05,0.9402985075,0.3267488658,15138.72829,434.7394081,5281857.628,34779.15265,2804.74239,2.555453216,0.4013289704,
insurance,run_5,UACQR-S,0.95,0.05,0.9402985075,0.3327264409,15570.44068,427.9824755,6002564.389,34238.59804,3860.095244,2.563636354,0.3209790421,0.9646935219
insurance,run_5,UACQR-P,0.95,0.05,0.9402985075,0.3089343617,14457.05408,403.0090641,5201234.491,32240.72512,3601.05994,1.691333736,0.298711315,0.9669086772
insurance,run_5,clear,0.95,0.05,0.9291044776,0.366206008,17137.16802,389.1561764,4355667.32,31132.49412,3675.653855,0.9358717827,0.4178043728,
insurance,run_6,UACQR-S,0.95,0.05,0.973880597,0.3012196681,18511.71438,315.3103803,4646282.658,25224.83042,4400.819236,0.8091763691,0.2797083685,0.9285860059
insurance,run_6,UACQR-P,0.95,0.05,0.973880597,0.2773760015,17046.38129,292.75812,3924781.631,23420.6496,3959.322883,0.7736051377,0.2460964485,0.8872305
insurance,run_6,clear,0.95,0.05,0.9664179104,0.3139689071,19295.22986,351.479093,4814685.763,28118.32744,3035.404912,1.285878035,0.2197895174,
insurance,run_7,UACQR-S,0.95,0.05,0.9514925373,0.2757922284,17273.97832,345.2432533,4756443.19,27619.46026,4134.616437,1.174940578,0.2736854879,0.9923611318
insurance,run_7,UACQR-P,0.95,0.05,0.9589552239,0.274942658,17220.76631,353.6773381,4457933.698,28294.18705,4105.499562,0.783689683,0.2704080563,0.9835071001
insurance,run_7,clear,0.95,0.05,0.9552238806,0.3149167159,19724.50259,453.6058345,6737791.49,36288.46676,3461.960056,1.66535971,0.2265285714,
insurance,run_8,UACQR-S,0.95,0.05,0.9589552239,0.3141489798,19677.95326,368.7336614,5346117.333,29498.69291,4442.973781,1.215840594,0.2993014463,0.9527372855
insurance,run_8,UACQR-P,0.95,0.05,0.9589552239,0.2940797792,18420.84018,336.6311155,4380471.587,26930.48924,4153.126623,0.8817628071,0.2825848058,0.960912058
insurance,run_8,clear,0.95,0.05,0.9664179104,0.5916998636,37063.44126,569.309231,13691313,45544.73848,4642.233362,1.790478379,0.3711719514,
insurance,run_9,UACQR-S,0.95,0.05,0.9776119403,0.4003733672,20606.79901,322.6003116,5165684.585,25808.02492,4710.778774,1.676717767,0.3896441046,0.9732018574
insurance,run_9,UACQR-P,0.95,0.05,0.9776119403,0.4073496745,20965.86227,306.3133069,4675248.711,24505.06455,4557.000591,0.5919006562,0.3972837705,0.9752892794
insurance,run_9,clear,0.95,0.05,0.9552238806,0.4766739463,24533.91013,344.9993384,5674744.09,27599.94707,4491.338719,0.6346627856,0.4708189207,
kin8nm,run_0,UACQR-S,0.95,0.05,0.9603416718,0.4830323926,0.6468373957,0.009054871732,0.003584052607,0.7243897386,0.1005307485,1.689955604,0.4321825851,0.8947279555
kin8nm,run_0,UACQR-P,0.95,0.05,0.9609517999,0.479552591,0.6421775306,0.008804329045,0.003472527671,0.7043463236,0.09912916396,5.358971923,0.4451558544,0.9282732753
kin8nm,run_0,clear,0.95,0.05,0.9505796217,0.3439280303,0.4605602333,0.006723278579,0.001802585557,0.5378622863,0.06835610235,0.4264024812,0.343221108,
kin8nm,run_1,UACQR-S,0.95,0.05,0.946918853,0.438642538,0.6095730854,0.008974386747,0.003283109908,0.7179509398,0.09713025519,97.05221371,0.4269792629,0.9734105244
kin8nm,run_1,UACQR-P,0.95,0.05,0.9542403905,0.4380559656,0.6087579371,0.008621933019,0.00318980578,0.6897546415,0.09594156508,15.56006425,0.4144214162,0.9460467355
kin8nm,run_1,clear,0.95,0.05,0.9609517999,0.3315033352,0.4606837992,0.006664633811,0.001777291594,0.5331707048,0.06680359449,0.393086508,0.3195612965,
kin8nm,run_2,UACQR-S,0.95,0.05,0.9414276998,0.4322710323,0.613113876,0.009286938121,0.003366459076,0.7429550497,0.09795669866,7.791732192,0.4502143208,1.041509348
kin8nm,run_2,UACQR-P,0.95,0.05,0.9487492373,0.4267702902,0.6053118697,0.008789088566,0.003199725775,0.7031270853,0.09639555711,3.704352192,0.4226339322,0.9903077648
kin8nm,run_2,clear,0.95,0.05,0.9530201342,0.3271440105,0.4640064157,0.006974979454,0.001863762151,0.5579983563,0.06769756364,0.4650168002,0.3189365645,
kin8nm,run_3,UACQR-S,0.95,0.05,0.946918853,0.4516400062,0.6259115112,0.009112078754,0.003422069662,0.7289663003,0.09764894121,75.93265147,0.4467241929,0.9891156381
kin8nm,run_3,UACQR-P,0.95,0.05,0.9456985967,0.4314675082,0.5979551777,0.008739262359,0.003144921905,0.6991409887,0.09615472218,4.617554809,0.4325624805,1.002537786
kin8nm,run_3,clear,0.95,0.05,0.9572910311,0.3286284343,0.4554342333,0.006485360939,0.001735476909,0.5188288751,0.06631375289,0.3683811523,0.3178344432,
kin8nm,run_4,UACQR-S,0.95,0.05,0.9548505186,0.4763235409,0.6179529061,0.008666851074,0.003297858311,0.6933480859,0.09600444202,4.195407342,0.4469031726,0.9382344862
kin8nm,run_4,UACQR-P,0.95,0.05,0.956680903,0.4640213441,0.6019927916,0.008418230539,0.003113788269,0.6734584431,0.09438221102,1.381117554,0.4376482777,0.9431641094
kin8nm,run_4,clear,0.95,0.05,0.9585112874,0.3412918508,0.4427710851,0.006363227033,0.001639081818,0.5090581626,0.06355310648,0.3764234616,0.3284231722,
kin8nm,run_5,UACQR-S,0.95,0.05,0.9475289811,0.4548698918,0.6308210426,0.009270198777,0.003507577868,0.7416159022,0.1002227673,2.69626712,0.4472866762,0.983328825
kin8nm,run_5,UACQR-P,0.95,0.05,0.9530201342,0.4531567521,0.6284452324,0.008883356216,0.003394867983,0.7106684973,0.09867384144,3.126085956,0.4312258053,0.9516040603
kin8nm,run_5,clear,0.95,0.05,0.9463087248,0.3068639434,0.4255639606,0.006476540339,0.001595347057,0.5181232271,0.0646646324,0.4190915592,0.3117607605,
kin8nm,run_6,UACQR-S,0.95,0.05,0.946918853,0.4561472235,0.6332657068,0.009264246916,0.003515927408,0.7411397532,0.1009624118,2.072269162,0.454559361,0.9965189693
kin8nm,run_6,UACQR-P,0.95,0.05,0.9493593655,0.4429269461,0.6149120966,0.009050979227,0.003331025435,0.7240783382,0.0997673905,1.81148971,0.4369320947,0.9864653721
kin8nm,run_6,clear,0.95,0.05,0.9475289811,0.3189572981,0.4428059811,0.006869532172,0.001747543221,0.5495625738,0.0679216539,0.4322137119,0.3282276609,
kin8nm,run_7,UACQR-S,0.95,0.05,0.9414276998,0.4385193406,0.6185640685,0.009129646174,0.003383982515,0.7303716939,0.09883521065,49.36564184,0.45536106,1.038405876
kin8nm,run_7,UACQR-P,0.95,0.05,0.9359365467,0.4252120464,0.5997931427,0.008855512697,0.003188207459,0.7084410158,0.09765164672,3.259489278,0.4499970907,1.058288669
kin8nm,run_7,clear,0.95,0.05,0.9432580842,0.3106105533,0.438139233,0.006786364748,0.001711312195,0.5429091798,0.06574835855,0.4452864885,0.3163311459,
kin8nm,run_8,UACQR-S,0.95,0.05,0.9444783405,0.449070322,0.6263707047,0.009199494313,0.003477332716,0.735959545,0.1005489836,12.19050886,0.4510234969,1.004349374
kin8nm,run_8,UACQR-P,0.95,0.05,0.9316656498,0.4273260541,0.5960414406,0.008896364242,0.003162076426,0.7117091394,0.09782220196,4.567451329,0.463551855,1.084773209
kin8nm,run_8,clear,0.95,0.05,0.9383770592,0.315418038,0.4399502908,0.006709788745,0.0017207321,0.5367830996,0.06789311117,0.4801144543,0.3255283912,
kin8nm,run_9,UACQR-S,0.95,0.05,0.9499694936,0.444178727,0.6220370909,0.009111279274,0.003398235924,0.7289023419,0.09791436117,30.96884549,0.4239603442,0.9544814247
kin8nm,run_9,UACQR-P,0.95,0.05,0.9572910311,0.4484391051,0.6280034126,0.008915869798,0.003402931854,0.7132695839,0.09819366983,4.036131508,0.4228134194,0.9428558184
kin8nm,run_9,clear,0.95,0.05,0.9481391092,0.3221656173,0.4511674044,0.006678517402,0.001743812511,0.5342813922,0.06632470557,0.4428351922,0.3249713224,
miami_housing,run_0,UACQR-S,0.95,0.05,0.9483315393,0.109704496,282489.0772,4672.530132,1862879331,373802.4105,43033.03904,1.844144135,0.1083105568,0.9872936912
miami_housing,run_0,UACQR-P,0.95,0.05,0.9558665231,0.1014538798,261243.7405,4320.029174,1662178037,345602.3339,39604.07988,1.304962919,0.09915736224,0.9773639259
miami_housing,run_0,clear,0.95,0.05,0.9551489056,0.08783904853,226185.55,3765.040172,1211143807,301203.2138,33500.21944,0.4224271609,0.08509787475,
miami_housing,run_1,UACQR-S,0.95,0.05,0.9580193757,0.1134535879,292483.3496,4257.837712,1649502483,340627.017,42160.64718,0.3959794412,0.1074210218,0.9468278954
miami_housing,run_1,UACQR-P,0.95,0.05,0.9594546107,0.1022782774,263673.3992,4096.266432,1434690619,327701.3145,38999.21221,0.4231285798,0.09793052862,0.9574909851
miami_housing,run_1,clear,0.95,0.05,0.9501255831,0.08686050344,223926.3779,3514.577126,967888515.5,281166.1701,32678.79217,0.2046793169,0.08659718773,
miami_housing,run_2,UACQR-S,0.95,0.05,0.9497667743,0.1160692294,299226.4735,4744.393143,1875960971,379551.4514,45026.41046,1.095614504,0.1155450638,0.9954840257
miami_housing,run_2,UACQR-P,0.95,0.05,0.9529960531,0.1067008631,275074.825,4424.091035,1573238031,353927.2828,41383.91836,4.327210546,0.1050330448,0.9843692148
miami_housing,run_2,clear,0.95,0.05,0.942949408,0.0867473418,223634.6472,3816.584434,1115051457,305326.7548,34625.44133,0.1611152519,0.08967713506,
miami_housing,run_3,UACQR-S,0.95,0.05,0.9537136706,0.1118373256,287981.1134,4520.540564,1664889516,361643.2451,43421.14327,10.91669288,0.1059696626,0.9475339476
miami_housing,run_3,UACQR-P,0.95,0.05,0.9512020093,0.1021639376,263072.1393,4301.304953,1426325194,344104.3963,39805.17249,2.276273194,0.09902659374,0.9692910831
miami_housing,run_3,clear,0.95,0.05,0.9526372443,0.08882470482,228723.6149,3437.183698,975881884.1,274974.6959,33763.42151,0.1856108878,0.08773121079,
miami_housing,run_4,UACQR-S,0.95,0.05,0.9533548619,0.1137547711,292929.9111,4756.596017,1818434961,380527.6814,44656.26998,0.8652140358,0.1098258055,0.9654610912
miami_housing,run_4,UACQR-P,0.95,0.05,0.9479727305,0.1046594484,269508.5456,4563.324886,1631629221,365065.9909,41692.3136,12.90302044,0.1059588956,1.012415957
miami_housing,run_4,clear,0.95,0.05,0.9418729817,0.08769983706,225835.8504,3933.815812,1130333668,314705.265,35231.055,0.2117707702,0.09123048086,
miami_housing,run_5,UACQR-S,0.95,0.05,0.9580193757,0.113684229,292736.8896,4736.885738,1710417130,378950.859,42684.56181,2.058643377,0.1055627714,0.9285612643
miami_housing,run_5,UACQR-P,0.95,0.05,0.9547900969,0.1020053521,262663.7815,4417.649373,1477053166,353411.9498,38946.95332,1.715961735,0.09923762577,0.9728668523
miami_housing,run_5,clear,0.95,0.05,0.9562253319,0.0881601958,227012.5042,3611.323398,1025469667,288905.8719,32600.95741,0.4574678469,0.08572233455,
miami_housing,run_6,UACQR-S,0.95,0.05,0.961966272,0.1202471778,303984.8655,4541.032961,1882139487,363282.6369,44099.65894,1.539442847,0.1063280578,0.8842457653
miami_housing,run_6,UACQR-P,0.95,0.05,0.9626838895,0.1093219016,276365.7673,4264.729519,1632654566,341178.3615,40193.89604,0.442602761,0.09844322249,0.9004894812
miami_housing,run_6,clear,0.95,0.05,0.9551489056,0.08853391428,223813.7353,3690.176344,1085922960,295214.1075,33471.74852,0.4344557883,0.08565229847,
miami_housing,run_7,UACQR-S,0.95,0.05,0.9590958019,0.1159577061,298591.0933,4730.820209,1867059751,378465.6167,43550.68402,5.094433476,0.1061199171,0.9151605416
miami_housing,run_7,UACQR-P,0.95,0.05,0.9601722282,0.1050424161,270484.2216,4336.403056,1590083570,346912.2445,39619.5857,0.7637034184,0.09714696672,0.9248356073
miami_housing,run_7,clear,0.95,0.05,0.9526372443,0.08908217248,229386.5941,3687.593149,1060383395,295007.4519,33140.92075,0.1660165204,0.0874053342,
miami_housing,run_8,UACQR-S,0.95,0.05,0.9526372443,0.1175024744,302921.3789,4457.35875,1776258093,356588.7,44688.05556,1.128582487,0.1131521111,0.9629764111
miami_housing,run_8,UACQR-P,0.95,0.05,0.9533548619,0.1072464462,276481.3384,4212.639756,1467400317,337011.1805,40735.1743,0.5210326178,0.1061918677,0.9901667739
miami_housing,run_8,clear,0.95,0.05,0.9540724794,0.09093143881,234421.2493,3729.351228,1084655254,298348.0982,34537.47595,0.4295212554,0.08866127142,
miami_housing,run_9,UACQR-S,0.95,0.05,0.9451022605,0.1114567357,287335.4647,4570.717945,1720968799,365657.4356,43069.71406,17.59678686,0.1137839574,1.020880045
miami_housing,run_9,UACQR-P,0.95,0.05,0.9418729817,0.1004787469,259034.2096,4474.691614,1537162226,357975.3291,40070.93125,73.29586986,0.1056244374,1.05121173
miami_housing,run_9,clear,0.95,0.05,0.9393613204,0.08571105806,220963.1077,3613.923378,1055584824,289113.8702,33771.75841,0.3133278917,0.09012791663,
naval_propulsion,run_0,UACQR-S,0.95,0.05,0.9932970256,0.003421056261,0.006027901131,8.055404273e-05,6.95388838e-07,0.006444323419,0.0007586575542,0.07150749496,0.003421056261,1
naval_propulsion,run_0,UACQR-P,0.95,0.05,0.9476330121,0.00168574743,0.002970286971,9.094090385e-05,4.25500324e-07,0.007275272308,0.0005709612363,0.02528619254,0.00168574743,1
naval_propulsion,run_0,clear,0.95,0.05,0.9597821533,0.001546293249,0.002724568704,3.824966673e-05,7.628919225e-08,0.003059973339,0.0004053072341,0.001798783034,0.001472530408,
naval_propulsion,run_1,UACQR-S,0.95,0.05,0.9945538333,0.003518355045,0.006206378299,8.237654483e-05,7.438829238e-07,0.006590123586,0.0007721811285,0.01461691997,0.003518355045,1
naval_propulsion,run_1,UACQR-P,0.95,0.05,0.9564306661,0.001704183279,0.003006179305,0.0001059266339,8.760551752e-07,0.008474130708,0.0006035121704,0.01954697336,0.001704183279,1
naval_propulsion,run_1,clear,0.95,0.05,0.9555927943,0.001573409339,0.002775494074,3.886096503e-05,7.959901069e-08,0.003108877202,0.0004111206664,0.002182537671,0.001532346319,
naval_propulsion,run_2,UACQR-S,0.95,0.05,0.9949727692,0.003635972962,0.006413856305,8.380223607e-05,7.314555895e-07,0.006704178886,0.0007794496815,0.02914527053,0.003635972962,1
naval_propulsion,run_2,UACQR-P,0.95,0.05,0.9493087558,0.001642744097,0.002897800587,9.10978739e-05,4.066576443e-07,0.007287829912,0.0005656242839,0.05425397667,0.001642744097,1
naval_propulsion,run_2,clear,0.95,0.05,0.9346459992,0.001557363352,0.002747188953,4.110435325e-05,8.094886862e-08,0.00328834826,0.0004265736359,0.001994897534,0.001632699722,
naval_propulsion,run_3,UACQR-S,0.95,0.05,0.9949727692,0.003459392971,0.00608853163,8.121242669e-05,7.523093023e-07,0.006496994135,0.0007612604441,0.002192925882,0.003459392971,1
naval_propulsion,run_3,UACQR-P,0.95,0.05,0.9551738584,0.001658885012,0.00291963762,9.157506808e-05,7.45967994e-07,0.007326005446,0.0005793891151,0.0777417738,0.001658885012,1
naval_propulsion,run_3,clear,0.95,0.05,0.9488898199,0.001542042272,0.002713994399,3.909627422e-05,7.74863079e-08,0.003127701938,0.0004093402494,0.002214395161,0.001546784163,
naval_propulsion,run_4,UACQR-S,0.95,0.05,0.9949727692,0.003555182294,0.006250010473,8.12043098e-05,7.004808042e-07,0.006496344784,0.0007591602127,0.002229489899,0.003555182294,1
naval_propulsion,run_4,UACQR-P,0.95,0.05,0.9576874738,0.001765935173,0.003104514034,9.090110494e-05,4.436465981e-07,0.007272088395,0.0005900367533,0.1658155182,0.001765935173,1
naval_propulsion,run_4,clear,0.95,0.05,0.9530791789,0.001574656243,0.002768245675,3.869041645e-05,8.059422585e-08,0.003095233316,0.0004177507417,0.001679189853,0.001552461074,
naval_propulsion,run_5,UACQR-S,0.95,0.05,0.995810641,0.003614909583,0.006344166318,8.264309279e-05,7.728900981e-07,0.006611447424,0.0007784904127,0.04395634744,0.003614909583,1
naval_propulsion,run_5,UACQR-P,0.95,0.05,0.9560117302,0.0017290356,0.003034457478,9.395292208e-05,6.600173924e-07,0.007516233766,0.0005934025295,0.02300412294,0.0017290356,1
naval_propulsion,run_5,clear,0.95,0.05,0.9602010892,0.001631340467,0.002863002519,3.976727869e-05,8.53402391e-08,0.003181382295,0.0004203939131,0.001855095797,0.001574778163,
naval_propulsion,run_6,UACQR-S,0.95,0.05,0.995810641,0.003652604837,0.006432237118,8.392202556e-05,7.345238073e-07,0.006713762044,0.0007699797854,0.002315571138,0.003652604837,1
naval_propulsion,run_6,UACQR-P,0.95,0.05,0.9476330121,0.001632434536,0.002874717218,0.000109163961,6.227760068e-07,0.008733116883,0.0005910008937,0.2144925858,0.001632434536,1
naval_propulsion,run_6,clear,0.95,0.05,0.9480519481,0.001620662923,0.002853987407,4.103077025e-05,8.729798069e-08,0.00328246162,0.0004326897464,0.002595076206,0.001645455445,
naval_propulsion,run_7,UACQR-S,0.95,0.05,0.9899455383,0.003511497132,0.006169700461,8.572515186e-05,7.741427753e-07,0.006858012149,0.0008036508819,0.07484508975,0.003511497132,1
naval_propulsion,run_7,UACQR-P,0.95,0.05,0.9442815249,0.001650224764,0.00289944491,0.000119993585,7.276301352e-07,0.009599486804,0.0006243462383,0.03486029716,0.001650224764,1
naval_propulsion,run_7,clear,0.95,0.05,0.9392542941,0.001557984489,0.002737378747,4.010301439e-05,7.862311385e-08,0.003208241151,0.0004184271124,0.002218593559,0.001599994045,
naval_propulsion,run_8,UACQR-S,0.95,0.05,0.995810641,0.003649348985,0.006430152912,8.371792522e-05,7.996631199e-07,0.006697434018,0.0007750003963,0.002349070233,0.003649348985,1
naval_propulsion,run_8,UACQR-P,0.95,0.05,0.9576874738,0.001750269978,0.003083975702,8.525057604e-05,4.210553912e-07,0.006820046083,0.000571237676,0.00883716561,0.001750269978,1
naval_propulsion,run_8,clear,0.95,0.05,0.9539170507,0.001610235358,0.0028372347,4.088668916e-05,8.264761521e-08,0.003270935133,0.0004211593279,0.001947984367,0.001586374546,
naval_propulsion,run_9,UACQR-S,0.95,0.05,0.9962295769,0.003468703681,0.006111855886,8.001675744e-05,6.63787606e-07,0.006401340595,0.0007356968423,0.2099143556,0.003468703681,1
naval_propulsion,run_9,UACQR-P,0.95,0.05,0.9514034353,0.001693795659,0.002984467951,9.174656996e-05,4.24107912e-07,0.007339725597,0.0005722059268,0.005892387116,0.001693795659,1
naval_propulsion,run_9,clear,0.95,0.05,0.9669040637,0.001620794467,0.00285583985,3.849863329e-05,8.128181095e-08,0.003079890664,0.0004151597135,0.002144665828,0.001525018272,
parkinsons,run_0,UACQR-S,0.95,0.05,0.9582978723,0.2953663258,14.17522071,0.1874617567,2.358506607,14.99694054,2.666594715,0.2986723538,0.2953663258,1
parkinsons,run_0,UACQR-P,0.95,0.05,0.9344680851,0.2450896217,11.76234112,0.1739248002,1.714907598,13.91398402,2.322450472,3.884541336,0.2569179919,1.048261408
parkinsons,run_0,clear,0.95,0.05,0.9336170213,0.2335281993,11.20748534,0.1975477638,1.335588698,15.8038211,1.879220537,0.3919490768,0.2600611699,
parkinsons,run_1,UACQR-S,0.95,0.05,0.9719148936,0.3098733645,14.87144251,0.1968908303,2.503834422,15.75126643,2.706865996,0.5404696882,0.3098733645,1
parkinsons,run_1,UACQR-P,0.95,0.05,0.9531914894,0.2571476987,12.34103236,0.1710065045,1.790414739,13.68052036,2.278412269,0.615796832,0.2571476987,1
parkinsons,run_1,clear,0.95,0.05,0.9574468085,0.2505393172,12.02388291,0.1808904722,1.354745059,14.47123777,1.815913116,0.4211403962,0.2426145475,
parkinsons,run_2,UACQR-S,0.95,0.05,0.9582978723,0.2980915241,14.30600842,0.1951594776,2.376433218,15.61275821,2.673678083,0.3464026167,0.2980915241,1
parkinsons,run_2,UACQR-P,0.95,0.05,0.9523404255,0.2727883039,13.09165628,0.1848789152,2.031365931,14.79031322,2.45252973,0.6219513714,0.2727883039,1
parkinsons,run_2,clear,0.95,0.05,0.9506382979,0.2476261625,11.88407479,0.1938155468,1.430482139,15.50524375,1.845049089,0.5140074328,0.2474256029,
parkinsons,run_3,UACQR-S,0.95,0.05,0.9659574468,0.2967886984,14.24348321,0.1913799093,2.28898185,15.31039274,2.516223793,0.4967000236,0.2967886984,1
parkinsons,run_3,UACQR-P,0.95,0.05,0.9540425532,0.2510079766,12.04637481,0.1671516245,1.663831581,13.37212996,2.207277139,0.4505537331,0.2510079766,1
parkinsons,run_3,clear,0.95,0.05,0.9429787234,0.248001702,11.90209768,0.1896472741,1.4351935,15.17178193,1.86945399,0.6007500956,0.2572565613,
parkinsons,run_4,UACQR-S,0.95,0.05,0.970212766,0.3613730353,17.34301471,0.2256779318,3.243905899,18.05423454,3.08349826,0.3451380462,0.3613730353,1
parkinsons,run_4,UACQR-P,0.95,0.05,0.9506382979,0.2993930433,14.36847093,0.1965977164,2.322179796,15.72781731,2.645959847,0.3765873303,0.2993930433,1
parkinsons,run_4,clear,0.95,0.05,0.9514893617,0.2586771878,12.4144356,0.1937823695,1.477743343,15.50258956,1.934552176,0.3988062471,0.2542470268,
parkinsons,run_5,UACQR-S,0.95,0.05,0.9685106383,0.3096462664,14.86054362,0.1990226356,2.487469457,15.92181085,2.714708871,2.985255591,0.3096462664,1
parkinsons,run_5,UACQR-P,0.95,0.05,0.9489361702,0.2510688512,12.04929631,0.1723999804,1.706099918,13.79199843,2.300933731,0.9773918749,0.2520182294,1.003781346
parkinsons,run_5,clear,0.95,0.05,0.9489361702,0.2446637214,11.74190132,0.1903471965,1.363079991,15.22777572,1.882079705,0.4043141519,0.246464254,
parkinsons,run_6,UACQR-S,0.95,0.05,0.9795744681,0.3367589259,16.16173437,0.2064730732,2.91764713,16.51784586,2.890741597,0.3212522092,0.3367589259,1
parkinsons,run_6,UACQR-P,0.95,0.05,0.9753191489,0.3085835833,14.80954333,0.1906536746,2.434770724,15.25229397,2.643688102,0.8460925815,0.3085835833,1
parkinsons,run_6,clear,0.95,0.05,0.9574468085,0.2572187974,12.34444453,0.1790416208,1.356011943,14.32332967,1.8439981,0.3106787749,0.2462203089,
parkinsons,run_7,UACQR-S,0.95,0.05,0.9634042553,0.3145560853,15.09617564,0.1983350573,2.543077784,15.86680458,2.684215408,0.4129121371,0.3145560853,1
parkinsons,run_7,UACQR-P,0.95,0.05,0.9319148936,0.265453838,12.73966059,0.1866395882,1.964516723,14.93116706,2.376718975,1.21724912,0.2838092121,1.069147142
parkinsons,run_7,clear,0.95,0.05,0.9370212766,0.25023483,12.00926996,0.1978141391,1.45121452,15.82513113,1.935276418,0.4257857834,0.2678707797,
parkinsons,run_8,UACQR-S,0.95,0.05,0.9685106383,0.3087899705,14.81944827,0.1954833693,2.442905877,15.63866954,2.689251897,0.4632860669,0.3087899705,1
parkinsons,run_8,UACQR-P,0.95,0.05,0.9506382979,0.2766359174,13.27631095,0.1821036102,1.984997079,14.56828882,2.431021173,0.2911524902,0.2766359174,1
parkinsons,run_8,clear,0.95,0.05,0.9446808511,0.2507448103,12.03374494,0.1892622375,1.402711385,15.140979,1.847878339,0.4376960185,0.2560977717,
parkinsons,run_9,UACQR-S,0.95,0.05,0.9574468085,0.3137192901,15.05601617,0.1999901138,2.574692837,15.99920911,2.743779196,1.770426712,0.3137192901,1
parkinsons,run_9,UACQR-P,0.95,0.05,0.9480851064,0.2797437801,13.4254635,0.1853795682,2.078509261,14.83036545,2.487166574,0.3336796431,0.2832327256,1.012471932
parkinsons,run_9,clear,0.95,0.05,0.9710638298,0.2571464643,12.34097311,0.1815242536,1.394447031,14.52194029,1.806168247,0.4333787536,0.2226079808,
powerplant,run_0,UACQR-S,0.95,0.05,0.9435736677,0.1821069239,13.67440891,0.2256265224,2.04488721,18.05012179,2.178210295,1.45145511,0.1872358466,1.028164348
powerplant,run_0,UACQR-P,0.95,0.05,0.9425287356,0.1734257258,13.02253775,0.2167314345,1.861253122,17.33851476,2.092354094,1.12636169,0.1768201435,1.019572746
powerplant,run_0,clear,0.95,0.05,0.9326018809,0.1412752608,10.60835933,0.2012692724,1.493747448,16.10154179,1.727803739,0.6728222822,0.1518907336,
powerplant,run_1,UACQR-S,0.95,0.05,0.9487983281,0.2107814858,14.77367434,0.2319835504,2.191207269,18.55868403,2.307436012,1.192499505,0.2138925593,1.014759709
powerplant,run_1,UACQR-P,0.95,0.05,0.9487983281,0.2000437358,14.02106544,0.2226880829,1.907079242,17.81504663,2.1744364,0.5651537707,0.2007834528,1.003697777
powerplant,run_1,clear,0.95,0.05,0.9451410658,0.1638000242,11.48074369,0.2017470744,1.461764222,16.13976595,1.764072591,0.7870975407,0.1680270717,
powerplant,run_2,UACQR-S,0.95,0.05,0.9467084639,0.2089873269,14.53088884,0.2140839777,1.949531855,17.12671822,2.27776481,0.5286566167,0.2127735623,1.018117058
powerplant,run_2,UACQR-P,0.95,0.05,0.9493207941,0.1982049313,13.78118887,0.205240305,1.693033205,16.4192244,2.157386348,0.3760525471,0.1984942685,1.001459788
powerplant,run_2,clear,0.95,0.05,0.9446185998,0.1578312838,10.97400916,0.1784231027,1.160688626,14.27384821,1.724522413,0.3328341486,0.1605071974,
powerplant,run_3,UACQR-S,0.95,0.05,0.9446185998,0.2075671182,14.556682,0.2477472392,2.542263359,19.81977913,2.28348586,0.6960841787,0.2143177081,1.032522444
powerplant,run_3,UACQR-P,0.95,0.05,0.9435736677,0.1960554075,13.74936573,0.2360059822,2.349239708,18.88047858,2.16340386,1.051759668,0.2021341766,1.031005363
powerplant,run_3,clear,0.95,0.05,0.9519331243,0.1638910764,11.49368119,0.205651872,1.981486698,16.45214976,1.772559066,1.46159247,0.1608784349,
powerplant,run_4,UACQR-S,0.95,0.05,0.9535005225,0.2053318197,14.91530339,0.2440503322,2.554766156,19.52402657,2.328321129,1.063783569,0.2023289502,0.9853755277
powerplant,run_4,UACQR-P,0.95,0.05,0.9540229885,0.1972803679,14.33044592,0.2360070108,2.304950288,18.88056087,2.250347804,1.206970617,0.1935443549,0.9810624187
powerplant,run_4,clear,0.95,0.05,0.9373040752,0.1539165788,11.18050028,0.2232452064,1.760785191,17.85961651,1.817821076,1.02996067,0.1684710682,
powerplant,run_5,UACQR-S,0.95,0.05,0.9555903866,0.1940508521,14.47813408,0.2481641534,2.910550661,19.85313227,2.258520032,0.9906312628,0.1887101014,0.9724775716
powerplant,run_5,UACQR-P,0.95,0.05,0.9592476489,0.1895345014,14.14116915,0.2441390919,2.839369674,19.53112735,2.208579554,1.101678676,0.1788334042,0.9435401097
powerplant,run_5,clear,0.95,0.05,0.9529780564,0.1562503594,11.65783931,0.2205378511,2.52264134,17.64302809,1.795691441,1.466951603,0.1528534241,
powerplant,run_6,UACQR-S,0.95,0.05,0.9582027168,0.2144107533,14.95729415,0.23368647,2.483993735,18.6949176,2.286812632,1.69620557,0.206782727,0.9644233034
powerplant,run_6,UACQR-P,0.95,0.05,0.9524555904,0.199852534,13.94171277,0.2225846281,2.168650822,17.80677025,2.151759243,1.185419539,0.1982885429,0.9921742743
powerplant,run_6,clear,0.95,0.05,0.9388714734,0.1617468213,11.28345825,0.1993960453,1.724766066,15.95168363,1.763532213,1.39172622,0.1700716941,
powerplant,run_7,UACQR-S,0.95,0.05,0.9566353187,0.2086802297,14.62848411,0.2241113126,2.287554975,17.92890501,2.224699587,1.026682247,0.2009215678,0.9628203304
powerplant,run_7,UACQR-P,0.95,0.05,0.9555903866,0.1956787624,13.71708124,0.2126419377,2.060607622,17.01135502,2.11490578,1.068226989,0.1904158089,0.9731041151
powerplant,run_7,clear,0.95,0.05,0.9467084639,0.1634330114,11.4566541,0.1910908646,1.639621235,15.28726917,1.752552489,0.8439383253,0.1665456553,
powerplant,run_8,UACQR-S,0.95,0.05,0.9597701149,0.1982743303,14.70997257,0.2364686004,2.422077281,18.91748803,2.28784958,0.9362643327,0.1925665557,0.9712127405
powerplant,run_8,UACQR-P,0.95,0.05,0.9571577847,0.1898437521,14.08450797,0.2276468668,2.234858006,18.21174935,2.209169355,0.768787042,0.1837849141,0.9680851337
powerplant,run_8,clear,0.95,0.05,0.9430512017,0.1510402555,11.20567655,0.2010865974,1.690978286,16.08692779,1.777178937,0.8215442832,0.1558937097,
powerplant,run_9,UACQR-S,0.95,0.05,0.9629049112,0.2003928947,14.95732566,0.2405081546,2.79369771,19.24065237,2.263484313,0.9891334907,0.1851956917,0.9241629649
powerplant,run_9,UACQR-P,0.95,0.05,0.9629049112,0.1920907906,14.33765661,0.2340130274,2.720573998,18.72104219,2.193882352,1.435410523,0.1793709277,0.9337820265
powerplant,run_9,clear,0.95,0.05,0.9571577847,0.1552503761,11.58788807,0.2079430714,2.278364204,16.63544571,1.736849614,1.611574614,0.149936496,
qsar,run_0,UACQR-S,0.95,0.05,0.9460400348,0.2087204852,3.598341117,0.05740086149,0.1726390754,4.592068919,0.582818892,1.920872273,0.2087209256,1.00000211
qsar,run_0,UACQR-P,0.95,0.05,0.953872933,0.1972578611,3.40072548,0.05546739186,0.1622188173,4.437391349,0.5673207343,0.8969197349,0.1972578611,1
qsar,run_0,clear,0.95,0.05,0.953002611,0.1679050492,2.89468301,0.05289218378,0.144030363,4.231374702,0.4570599138,0.8604696829,0.1667191868,
qsar,run_1,UACQR-S,0.95,0.05,0.9442993908,0.5476944066,3.833860846,0.05265247132,0.135095524,4.212197706,0.6304544424,1.324720917,0.5476953614,1.000001743
qsar,run_1,UACQR-P,0.95,0.05,0.9399477807,0.4847279081,3.393095357,0.05035542329,0.1089507377,4.028433863,0.582448526,1.111012788,0.5016334887,1.034876433
qsar,run_1,clear,0.95,0.05,0.9190600522,0.3901041185,2.73072883,0.04751358877,0.07537933384,3.801087102,0.4434182302,0.7728017839,0.4470056296,
qsar,run_2,UACQR-S,0.95,0.05,0.9677980853,0.5573612038,3.901528427,0.05356222986,0.1364225233,4.284978389,0.6213535475,1.154870615,0.5573612038,1
qsar,run_2,UACQR-P,0.95,0.05,0.956483899,0.5070674451,3.549472116,0.05086042721,0.1160548544,4.068834177,0.5861692354,0.7395340942,0.5070674451,1
qsar,run_2,clear,0.95,0.05,0.9521322889,0.4357583077,3.050308154,0.04838391903,0.09298433709,3.870713523,0.4711929812,1.219642425,0.4336358601,
qsar,run_3,UACQR-S,0.95,0.05,0.9590948651,0.2204775931,3.801033654,0.05902598653,0.1838727752,4.722078923,0.6174342238,0.9652823942,0.2204775931,1
qsar,run_3,UACQR-P,0.95,0.05,0.9651871192,0.2142310303,3.693342914,0.05661976773,0.1762032416,4.529581418,0.5978483061,1.000004094,0.2142310303,1
qsar,run_3,clear,0.95,0.05,0.953002611,0.1688216858,2.910485824,0.05183050544,0.1464039563,4.146440435,0.4494307748,1.38837348,0.1657641696,
qsar,run_4,UACQR-S,0.95,0.05,0.9712793734,0.5642031124,3.850122241,0.05227413465,0.1333163691,4.181930772,0.6186389907,0.9243345599,0.5594885087,0.9916437829
qsar,run_4,UACQR-P,0.95,0.05,0.9469103568,0.5103761717,3.482807178,0.04963495916,0.112738473,3.970796733,0.5837457639,0.9082144878,0.512802434,1.004753871
qsar,run_4,clear,0.95,0.05,0.9382071366,0.4047236371,2.761834245,0.04711287012,0.07894237681,3.76902961,0.4347023969,0.9630222919,0.4261135266,
qsar,run_5,UACQR-S,0.95,0.05,0.953872933,0.511108892,3.835872293,0.0516397794,0.1313914926,4.131182352,0.6187965643,0.5313576364,0.4955300052,0.969519437
qsar,run_5,UACQR-P,0.95,0.05,0.9495213229,0.4550530607,3.415173273,0.04913873085,0.1089207598,3.931098468,0.579383541,0.7614479176,0.456821763,1.003886805
qsar,run_5,clear,0.95,0.05,0.9503916449,0.393912137,2.956310633,0.04666875224,0.08935364577,3.733500179,0.4635397261,0.6216360177,0.3937519833,
qsar,run_6,UACQR-S,0.95,0.05,0.9799825936,0.5629403519,3.876407083,0.05225025827,0.1344668128,4.180020662,0.6143401136,1.181252529,0.5292552787,0.9401622692
qsar,run_6,UACQR-P,0.95,0.05,0.9738903394,0.5305656194,3.653474685,0.04865551996,0.1185494455,3.892441597,0.5835412031,0.6438043211,0.5156969283,0.9719757735
qsar,run_6,clear,0.95,0.05,0.9704090513,0.4638493227,3.194066288,0.04596045863,0.08772978351,3.67683669,0.4330068761,0.6924055123,0.401398481,
qsar,run_7,UACQR-S,0.95,0.05,0.9408181027,0.2180652643,3.734585597,0.05717235406,0.173478686,4.573788325,0.6185531543,0.7222465836,0.2192278598,1.005331411
qsar,run_7,UACQR-P,0.95,0.05,0.956483899,0.2027664423,3.472577979,0.05441018334,0.1638644633,4.352814667,0.5890759282,0.8571914141,0.2027664423,1
qsar,run_7,clear,0.95,0.05,0.9408181027,0.1699357986,2.910320394,0.04943413074,0.1379521347,3.954730459,0.4669971434,0.9075865214,0.1760205779,
qsar,run_8,UACQR-S,0.95,0.05,0.9617058312,0.5470941297,3.829658908,0.05298983986,0.1334612312,4.239187189,0.6162154336,0.8384873607,0.5470941297,1
qsar,run_8,UACQR-P,0.95,0.05,0.955613577,0.4875905136,3.413133595,0.04859291117,0.1078966558,3.887432894,0.5700112474,0.5416291177,0.4875905136,1
qsar,run_8,clear,0.95,0.05,0.9295039164,0.4094060732,2.865842512,0.04836478365,0.08364259338,3.869182692,0.455385839,0.7253463034,0.4476828879,
qsar,run_9,UACQR-S,0.95,0.05,0.953872933,0.5584158491,3.845251358,0.05154132135,0.1313475911,4.123305708,0.6024548055,0.7653168396,0.5515986037,0.9877918123
qsar,run_9,UACQR-P,0.95,0.05,0.9469103568,0.4990093395,3.436178152,0.04883649725,0.1085413114,3.90691978,0.568232014,0.5743114908,0.5025303368,1.007055975
qsar,run_9,clear,0.95,0.05,0.9590948651,0.4403244171,3.032073795,0.04644593565,0.09414987429,3.715674852,0.4680511559,0.9658024923,0.4266050011,
sulfur,run_0,UACQR-S,0.95,0.05,0.9454635597,0.1131194157,0.1070122116,0.00194213515,0.0003037070017,0.155370812,0.01989179927,0.2629972766,0.1142179176,1.009710993
sulfur,run_0,UACQR-P,0.95,0.05,0.9548834903,0.107165366,0.1013796151,0.001792172655,0.0002268832732,0.1433738124,0.01860267091,0.5250598963,0.1062110614,0.9910950279
sulfur,run_0,clear,0.95,0.05,0.9509172038,0.1085607522,0.1026996657,0.001762679836,0.0002083620181,0.1410143869,0.01709359611,0.2767068044,0.108059429,
sulfur,run_1,UACQR-S,0.95,0.05,0.9563708478,0.1235872084,0.1179012081,0.001772083277,0.0002536814591,0.1417666622,0.02135748343,0.4449651711,0.1200879375,0.9716858168
sulfur,run_1,UACQR-P,0.95,0.05,0.9543877045,0.1136428494,0.1084143692,0.001834312814,0.0002302327676,0.1467450251,0.01962527776,0.3333797063,0.1124397364,0.9894132093
sulfur,run_1,clear,0.95,0.05,0.9548834903,0.112279456,0.1071137028,0.001786994546,0.0002257371594,0.1429595637,0.01721861803,0.4539121947,0.1082564958,
sulfur,run_2,UACQR-S,0.95,0.05,0.9355478433,0.115760391,0.1150669863,0.002253104516,0.0005083924497,0.1802483613,0.02238407086,1.026298297,0.1213546302,1.048326022
sulfur,run_2,UACQR-P,0.95,0.05,0.9414972732,0.1044730331,0.1038472397,0.002104059107,0.0004544944637,0.1683247285,0.01956046954,0.6638732629,0.1076365139,1.030280357
sulfur,run_2,clear,0.95,0.05,0.9509172038,0.1000402206,0.09944097971,0.001806077364,0.0002191324882,0.1444861892,0.01680143788,0.4354896994,0.09985589009,
sulfur,run_3,UACQR-S,0.95,0.05,0.9499256321,0.125444262,0.1067893203,0.002021132342,0.0002990043362,0.1616905874,0.01974569101,1.130239265,0.1258339888,1.003106773
sulfur,run_3,UACQR-P,0.95,0.05,0.9494298463,0.1141866987,0.09720588059,0.001863349164,0.0002550385246,0.1490679331,0.01780832809,0.8447724809,0.1148587995,1.005885981
sulfur,run_3,clear,0.95,0.05,0.9533961329,0.1113414767,0.09478377433,0.001902531952,0.0002428225332,0.1522025561,0.01607206776,0.4164980964,0.1086368508,
sulfur,run_4,UACQR-S,0.95,0.05,0.9484382747,0.1362438633,0.1194073916,0.002034276215,0.0003744743775,0.1627420972,0.02311928388,0.5600226289,0.1370775327,1.00611895
sulfur,run_4,UACQR-P,0.95,0.05,0.9454635597,0.1225761667,0.1074286944,0.001960066618,0.0003250170903,0.1568053295,0.0204735013,0.3170797433,0.1245359737,1.015988483
sulfur,run_4,clear,0.95,0.05,0.9514129896,0.1112380454,0.09749169269,0.001807254482,0.0002365222832,0.1445803586,0.01651863337,0.5847527209,0.1101771897,
sulfur,run_5,UACQR-S,0.95,0.05,0.9494298463,0.1205464693,0.1202891025,0.001948231754,0.0002997659909,0.1558585403,0.02258048116,0.3357959549,0.1211940241,1.005371827
sulfur,run_5,UACQR-P,0.95,0.05,0.9524045612,0.1074694456,0.1072399983,0.001828663613,0.0002562094439,0.146293089,0.01946747666,0.2893774988,0.1070712769,0.9962950519
sulfur,run_5,clear,0.95,0.05,0.9469509172,0.09704228625,0.09683510097,0.001770230659,0.0002278561318,0.1416184527,0.01648979601,0.3911696347,0.1006175397,
sulfur,run_6,UACQR-S,0.95,0.05,0.9593455627,0.1573240204,0.1241124477,0.001989115034,0.0003622309303,0.1591292028,0.02229847554,0.5781737456,0.149464282,0.9500410787
sulfur,run_6,UACQR-P,0.95,0.05,0.961328706,0.1465224127,0.1155910918,0.001860748173,0.000297529762,0.1488598538,0.0203924283,0.5263195229,0.1400573239,0.9558764517
sulfur,run_6,clear,0.95,0.05,0.9578582053,0.1339624199,0.1056825512,0.00174122669,0.0002278311762,0.1392981352,0.0165197224,0.7507160359,0.1288699195,
sulfur,run_7,UACQR-S,0.95,0.05,0.9538919187,0.1341043208,0.1141615332,0.001980481317,0.0003524994729,0.1584385053,0.0210979942,0.5470068531,0.1318907797,0.9834938863
sulfur,run_7,UACQR-P,0.95,0.05,0.9533961329,0.12147535,0.1034106292,0.001856228329,0.0002975452486,0.1484982663,0.01839715019,0.8959974881,0.1204022,0.9911656972
sulfur,run_7,clear,0.95,0.05,0.9618244918,0.1148578538,0.09777722749,0.001703196379,0.0001882656558,0.1362557103,0.01559729864,0.5965285139,0.1066961278,
sulfur,run_8,UACQR-S,0.95,0.05,0.9464551314,0.1185324238,0.1128310142,0.002231056789,0.0003527576421,0.1784845431,0.02178131766,39.84669605,0.1207322022,1.018558453
sulfur,run_8,UACQR-P,0.95,0.05,0.9444719881,0.1058808414,0.1007879729,0.00217352455,0.0003040970591,0.173881964,0.01927688728,2.648243583,0.1072668347,1.013090124
sulfur,run_8,clear,0.95,0.05,0.9434804165,0.1131578763,0.1077149824,0.001869290672,0.00023941271,0.1495432537,0.01770736123,0.3993383462,0.1160267182,
sulfur,run_9,UACQR-S,0.95,0.05,0.9529003471,0.1181701937,0.1124811261,0.001938980134,0.0003188551618,0.1551184107,0.02094668194,0.4173488802,0.1170144196,0.9902194111
sulfur,run_9,UACQR-P,0.95,0.05,0.9538919187,0.1075096986,0.1023338592,0.001914553979,0.0002917337764,0.1531643183,0.01907979443,0.4110412219,0.1066662062,0.9921542666
sulfur,run_9,clear,0.95,0.05,0.9647992067,0.11029142,0.1049816601,0.001695152102,0.0002264471848,0.1356121682,0.01675710738,0.3459751146,0.1021924416,
superconductor,run_0,UACQR-S,0.95,0.05,0.954620268,0.2540977868,34.48081557,0.5264810035,17.60857525,42.11848028,5.847772077,1.029642755,0.2507729827,0.9869152577
superconductor,run_0,UACQR-P,0.95,0.05,0.9550905243,0.2371353873,32.17903493,0.5055375898,16.03316149,40.44300718,5.556250799,1.914945968,0.2351671484,0.9916999358
superconductor,run_0,clear,0.95,0.05,0.9532094992,0.2064402974,28.01374192,0.5067403296,12.94509133,40.53922637,4.691024442,1.176584446,0.202120136,
superconductor,run_1,UACQR-S,0.95,0.05,0.9576769339,0.2532333935,34.31302353,0.5240829909,17.35792933,41.92663927,5.809793676,1.619019424,0.2482735065,0.9804137717
superconductor,run_1,UACQR-P,0.95,0.05,0.9541500118,0.2358016103,31.95102387,0.5041049518,15.63033011,40.32839615,5.442582985,1.336904016,0.2333839686,0.9897471369
superconductor,run_1,clear,0.95,0.05,0.954620268,0.201641678,27.32236671,0.489149614,12.43160865,39.13196912,4.506483171,1.487441217,0.1967902054,
superconductor,run_2,UACQR-S,0.95,0.05,0.9532094992,0.1847873119,34.18546792,0.5394380703,20.70038603,43.15504563,5.823346945,2.699062151,0.1837422255,0.9943443821
superconductor,run_2,UACQR-P,0.95,0.05,0.9557959088,0.1785387399,33.02948834,0.5324932233,20.11757185,42.59945786,5.677315844,2.714583344,0.1770862431,0.9918645291
superconductor,run_2,clear,0.95,0.05,0.9532094992,0.1580408365,29.23739672,0.511358899,16.93002499,40.90871192,4.792798727,3.540763991,0.1550964205,
superconductor,run_3,UACQR-S,0.95,0.05,0.949682577,0.2408496221,32.68319738,0.4984280714,15.65901782,39.87424571,5.479501704,2.863959646,0.2406677233,0.999244762
superconductor,run_3,UACQR-P,0.95,0.05,0.9508582177,0.2269626038,30.79873456,0.481077492,14.33009102,38.48619936,5.263899607,1.721336704,0.2269626038,1
superconductor,run_3,clear,0.95,0.05,0.9494474489,0.1922716348,26.09118393,0.4602773337,10.76684352,36.8221867,4.306974974,1.226523542,0.1926592108,
superconductor,run_4,UACQR-S,0.95,0.05,0.9520338585,0.2481055028,33.49399478,0.5166191999,16.59270823,41.32953599,5.630066701,1.892843586,0.2466893929,0.9942923074
superconductor,run_4,UACQR-P,0.95,0.05,0.9489771926,0.2283037915,30.82078355,0.4998539632,15.31109178,39.98831705,5.275707358,1.818639511,0.2291085284,1.003524851
superconductor,run_4,clear,0.95,0.05,0.9555607806,0.2112513561,28.51872182,0.4745666113,13.08048645,37.96532891,4.549166177,1.593926554,0.2042254399,
superconductor,run_5,UACQR-S,0.95,0.05,0.9536797555,0.2535215129,33.97172555,0.5098329327,16.66500021,40.78663462,5.776672303,1.101514476,0.2511026814,0.9904590682
superconductor,run_5,UACQR-P,0.95,0.05,0.9520338585,0.2368495336,31.73769065,0.4835087698,14.85483144,38.68070159,5.447077231,1.021260786,0.236500295,0.9985254833
superconductor,run_5,clear,0.95,0.05,0.9525041147,0.2108607428,28.2552088,0.4659179153,12.36533539,37.27343322,4.541937584,1.09354063,0.2080799474,
superconductor,run_6,UACQR-S,0.95,0.05,0.9506230896,0.2337743148,33.42965104,0.5105814873,17.19979052,40.84651898,5.602505259,1.452972438,0.2335309296,0.9989588881
superconductor,run_6,UACQR-P,0.95,0.05,0.9466259111,0.2155124564,30.81821123,0.4946798321,15.74652203,39.57438656,5.271540903,1.260839167,0.2182319209,1.012618595
superconductor,run_6,clear,0.95,0.05,0.9565012932,0.1997375159,28.56239986,0.4637242814,12.69923666,37.09794252,4.562536632,0.970500268,0.193730784,
superconductor,run_7,UACQR-S,0.95,0.05,0.9489771926,0.1839916552,34.03841758,0.5443811945,18.52446542,43.55049556,5.912221926,1.327163571,0.1843642167,1.002024882
superconductor,run_7,UACQR-P,0.95,0.05,0.949682577,0.1735185531,32.10089588,0.5343711665,17.83844199,42.74969332,5.650053624,0.8023926156,0.1737537432,1.001355418
superconductor,run_7,clear,0.95,0.05,0.9485069363,0.1539916409,28.48842123,0.508221516,14.12230925,40.65772128,4.759974578,0.8403376435,0.1554415211,
superconductor,run_8,UACQR-S,0.95,0.05,0.9468610393,0.2409781813,32.77279167,0.5256711944,16.82962426,42.05369555,5.609563639,3.106399332,0.2426278806,1.006845845
superconductor,run_8,UACQR-P,0.95,0.05,0.9442746297,0.2278260818,30.9841193,0.5175580172,15.87173759,41.40464138,5.42156725,1.303765663,0.2309348022,1.013645147
superconductor,run_8,clear,0.95,0.05,0.9461556548,0.2059433042,28.00808343,0.4945521932,13.48107855,39.56417546,4.626849686,1.78460813,0.2087006274,
superconductor,run_9,UACQR-S,0.95,0.05,0.9430989889,0.24305402,33.39537929,0.5291045531,17.03176374,42.32836425,5.733447622,1.293106476,0.2489703158,1.024341485
superconductor,run_9,UACQR-P,0.95,0.05,0.9456853985,0.2302992851,31.64289148,0.5279394218,16.21079132,42.23515374,5.546015541,2.035866343,0.2326493282,1.0102043
superconductor,run_9,clear,0.95,0.05,0.9541500118,0.2065792347,28.38378027,0.5135391619,13.15295703,41.08313296,4.6304037,0.8169740702,0.2003261166,
