Dataset,Method,Metric,Seed,Value
data_elevator,clear_vanilla,picp,0,0.9611445783132531
data_elevator,clear_vanilla,picp,1,0.9518072289156626
data_elevator,clear_vanilla,picp,2,0.9352409638554217
data_elevator,clear_vanilla,picp,3,0.9506024096385542
data_elevator,clear_vanilla,picp,4,0.9484939759036145
data_elevator,clear_vanilla,picp,5,0.9533132530120482
data_elevator,clear_vanilla,picp,6,0.9427710843373494
data_elevator,clear_vanilla,picp,7,0.9524096385542169
data_elevator,clear_vanilla,picp,8,0.9454819277108434
data_elevator,clear_vanilla,picp,9,0.936144578313253
data_elevator,clear_vanilla,niw,0,0.17289315341364045
data_elevator,clear_vanilla,niw,1,0.1857862015503502
data_elevator,clear_vanilla,niw,2,0.1650084559183903
data_elevator,clear_vanilla,niw,3,0.15043081554374346
data_elevator,clear_vanilla,niw,4,0.15374778321077995
data_elevator,clear_vanilla,niw,5,0.1716691812674102
data_elevator,clear_vanilla,niw,6,0.15291361427792033
data_elevator,clear_vanilla,niw,7,0.16835313919655717
data_elevator,clear_vanilla,niw,8,0.16926849502015337
data_elevator,clear_vanilla,niw,9,0.15385508014908267
data_elevator,clear_vanilla,mpiw,0,0.010719375511645708
data_elevator,clear_vanilla,mpiw,1,0.010404027286819613
data_elevator,clear_vanilla,mpiw,2,0.009900507355103418
data_elevator,clear_vanilla,mpiw,3,0.00992843382588707
data_elevator,clear_vanilla,mpiw,4,0.010147353691911477
data_elevator,clear_vanilla,mpiw,5,0.010643489238579433
data_elevator,clear_vanilla,mpiw,6,0.010092298542342741
data_elevator,clear_vanilla,mpiw,7,0.010437894630186545
data_elevator,clear_vanilla,mpiw,8,0.009986841206189048
data_elevator,clear_vanilla,mpiw,9,0.009539014969243125
data_elevator,clear_vanilla,crps,0,0.0016703941776329881
data_elevator,clear_vanilla,crps,1,0.0016271196315526962
data_elevator,clear_vanilla,crps,2,0.0016808790237881593
data_elevator,clear_vanilla,crps,3,0.0016247464487027798
data_elevator,clear_vanilla,crps,4,0.0015916156727185163
data_elevator,clear_vanilla,crps,5,0.001650741953204401
data_elevator,clear_vanilla,crps,6,0.0015828083965296216
data_elevator,clear_vanilla,crps,7,0.0017077696545364854
data_elevator,clear_vanilla,crps,8,0.0016244765777925867
data_elevator,clear_vanilla,crps,9,0.001581440025836243
data_elevator,clear_vanilla,auc,0,0.37340342107276875
data_elevator,clear_vanilla,auc,1,0.3490507567489797
data_elevator,clear_vanilla,auc,2,0.35689864021065354
data_elevator,clear_vanilla,auc,3,0.36787440324070847
data_elevator,clear_vanilla,auc,4,0.3691836749572758
data_elevator,clear_vanilla,auc,5,0.4450579900789851
data_elevator,clear_vanilla,auc,6,0.3968937837367663
data_elevator,clear_vanilla,auc,7,0.42876059740295813
data_elevator,clear_vanilla,auc,8,0.39128763109769776
data_elevator,clear_vanilla,auc,9,0.30680292796936204
data_elevator,clear_vanilla,nciw,0,0.1597389499938189
data_elevator,clear_vanilla,nciw,1,0.1834359813739399
data_elevator,clear_vanilla,nciw,2,0.17562356500715026
data_elevator,clear_vanilla,nciw,3,0.15006838203673722
data_elevator,clear_vanilla,nciw,4,0.15575809686561698
data_elevator,clear_vanilla,nciw,5,0.16696079759001106
data_elevator,clear_vanilla,nciw,6,0.15839851749815595
data_elevator,clear_vanilla,nciw,7,0.16599326689777297
data_elevator,clear_vanilla,nciw,8,0.17299653501372958
data_elevator,clear_vanilla,nciw,9,0.1633492218473579
data_elevator,clear_vanilla,lambda,0,1.076465213629835
data_elevator,clear_vanilla,lambda,1,1.394761657639994
data_elevator,clear_vanilla,lambda,2,0.9359442919496423
data_elevator,clear_vanilla,lambda,3,1.0672102800646683
data_elevator,clear_vanilla,lambda,4,1.8354814511225401
data_elevator,clear_vanilla,lambda,5,1.666287744090291
data_elevator,clear_vanilla,lambda,6,2.26594831693701
data_elevator,clear_vanilla,lambda,7,0.9925445293809417
data_elevator,clear_vanilla,lambda,8,1.0783258093003965
data_elevator,clear_vanilla,lambda,9,1.6014006483443544
data_elevator,clear_vanilla,gamma,0,0.7990411323231492
data_elevator,clear_vanilla,gamma,1,0.7164413120527561
data_elevator,clear_vanilla,gamma,2,0.7788042765578678
data_elevator,clear_vanilla,gamma,3,0.7509240740949386
data_elevator,clear_vanilla,gamma,4,0.6236435403751635
data_elevator,clear_vanilla,gamma,5,0.6727153894989533
data_elevator,clear_vanilla,gamma,6,0.5703180534603083
data_elevator,clear_vanilla,gamma,7,0.7985155512948477
data_elevator,clear_vanilla,gamma,8,0.7524575193808665
data_elevator,clear_vanilla,gamma,9,0.6320099200647851
data_elevator,clear_vanilla,total_aleatoric_calib,0,0.00749006072269618
data_elevator,clear_vanilla,total_aleatoric_calib,1,0.0067567772662130675
data_elevator,clear_vanilla,total_aleatoric_calib,2,0.007145303434156172
data_elevator,clear_vanilla,total_aleatoric_calib,3,0.0069803135823410765
data_elevator,clear_vanilla,total_aleatoric_calib,4,0.005827102987722127
data_elevator,clear_vanilla,total_aleatoric_calib,5,0.006104655135613485
data_elevator,clear_vanilla,total_aleatoric_calib,6,0.005338654143354194
data_elevator,clear_vanilla,total_aleatoric_calib,7,0.007462602267815373
data_elevator,clear_vanilla,total_aleatoric_calib,8,0.006962541745468398
data_elevator,clear_vanilla,total_aleatoric_calib,9,0.005936090386181682
data_elevator,clear_vanilla,total_epistemic_calib,0,0.0033395268218630015
data_elevator,clear_vanilla,total_epistemic_calib,1,0.0037607183022914325
data_elevator,clear_vanilla,total_epistemic_calib,2,0.0026595099158154174
data_elevator,clear_vanilla,total_epistemic_calib,3,0.0030231694908742918
data_elevator,clear_vanilla,total_epistemic_calib,4,0.004214838286707652
data_elevator,clear_vanilla,total_epistemic_calib,5,0.004093441226012401
data_elevator,clear_vanilla,total_epistemic_calib,6,0.004722073583088086
data_elevator,clear_vanilla,total_epistemic_calib,7,0.0029133084431997177
data_elevator,clear_vanilla,total_epistemic_calib,8,0.002974224563155686
data_elevator,clear_vanilla,total_epistemic_calib,9,0.0037885966367568725
data_elevator,clear_vanilla,uncertainty_ratio_calib,0,0.4458611145492663
data_elevator,clear_vanilla,uncertainty_ratio_calib,1,0.5565846192824381
data_elevator,clear_vanilla,uncertainty_ratio_calib,2,0.37220391552615617
data_elevator,clear_vanilla,uncertainty_ratio_calib,3,0.4330993808820224
data_elevator,clear_vanilla,uncertainty_ratio_calib,4,0.7233162509034827
data_elevator,clear_vanilla,uncertainty_ratio_calib,5,0.6705442215944328
data_elevator,clear_vanilla,uncertainty_ratio_calib,6,0.8845063673896809
data_elevator,clear_vanilla,uncertainty_ratio_calib,7,0.3903877412526997
data_elevator,clear_vanilla,uncertainty_ratio_calib,8,0.4271751139002468
data_elevator,clear_vanilla,uncertainty_ratio_calib,9,0.6382309551040785
data_elevator,clear_vanilla,quantileloss,0,0.00016053110084311012
data_elevator,clear_vanilla,quantileloss,1,0.00015832353458677565
data_elevator,clear_vanilla,quantileloss,2,0.00016829039969502906
data_elevator,clear_vanilla,quantileloss,3,0.0001600276691272215
data_elevator,clear_vanilla,quantileloss,4,0.0001656174569148237
data_elevator,clear_vanilla,quantileloss,5,0.00016480426160596305
data_elevator,clear_vanilla,quantileloss,6,0.00016550866273634196
data_elevator,clear_vanilla,quantileloss,7,0.00016578468365585408
data_elevator,clear_vanilla,quantileloss,8,0.00016073071441225894
data_elevator,clear_vanilla,quantileloss,9,0.00016074636794342223
data_elevator,clear_vanilla,expectileloss,0,1.2673273698282726e-06
data_elevator,clear_vanilla,expectileloss,1,1.189917857798731e-06
data_elevator,clear_vanilla,expectileloss,2,1.1967782609622657e-06
data_elevator,clear_vanilla,expectileloss,3,1.226137999173444e-06
data_elevator,clear_vanilla,expectileloss,4,1.2687450361308966e-06
data_elevator,clear_vanilla,expectileloss,5,1.257141473263197e-06
data_elevator,clear_vanilla,expectileloss,6,1.2519343492594947e-06
data_elevator,clear_vanilla,expectileloss,7,1.2802825061976307e-06
data_elevator,clear_vanilla,expectileloss,8,1.1376049832684109e-06
data_elevator,clear_vanilla,expectileloss,9,1.0871465990640612e-06
data_elevator,clear_vanilla,intervalscoreloss,0,0.012842488067448797
data_elevator,clear_vanilla,intervalscoreloss,1,0.01266588276694204
data_elevator,clear_vanilla,intervalscoreloss,2,0.013463231975602313
data_elevator,clear_vanilla,intervalscoreloss,3,0.012802213530177709
data_elevator,clear_vanilla,intervalscoreloss,4,0.013249396553185884
data_elevator,clear_vanilla,intervalscoreloss,5,0.01318434092847703
data_elevator,clear_vanilla,intervalscoreloss,6,0.013240693018907347
data_elevator,clear_vanilla,intervalscoreloss,7,0.013262774692468315
data_elevator,clear_vanilla,intervalscoreloss,8,0.012858457152980705
data_elevator,clear_vanilla,intervalscoreloss,9,0.012859709435473767
data_elevator,clear,picp,0,0.9605421686746988
data_elevator,clear,picp,1,0.9530120481927711
data_elevator,clear,picp,2,0.9406626506024096
data_elevator,clear,picp,3,0.9487951807228916
data_elevator,clear,picp,4,0.9542168674698795
data_elevator,clear,picp,5,0.9515060240963855
data_elevator,clear,picp,6,0.9424698795180723
data_elevator,clear,picp,7,0.9533132530120482
data_elevator,clear,picp,8,0.9493975903614458
data_elevator,clear,picp,9,0.9343373493975904
data_elevator,clear,niw,0,0.1406222971669239
data_elevator,clear,niw,1,0.1552953747307248
data_elevator,clear,niw,2,0.13913161190718934
data_elevator,clear,niw,3,0.12627607053239392
data_elevator,clear,niw,4,0.13161560692636964
data_elevator,clear,niw,5,0.13953501896715761
data_elevator,clear,niw,6,0.12507844901284523
data_elevator,clear,niw,7,0.13944589752655387
data_elevator,clear,niw,8,0.14571753475302818
data_elevator,clear,niw,9,0.12977507132856733
data_elevator,clear,mpiw,0,0.008718582424349282
data_elevator,clear,mpiw,1,0.00869654098492059
data_elevator,clear,mpiw,2,0.00834789671443136
data_elevator,clear,mpiw,3,0.008334220655138
data_elevator,clear,mpiw,4,0.008686630057140397
data_elevator,clear,mpiw,5,0.008651171175963772
data_elevator,clear,mpiw,6,0.008255177634847786
data_elevator,clear,mpiw,7,0.00864564564664634
data_elevator,clear,mpiw,8,0.008597334550428663
data_elevator,clear,mpiw,9,0.008046054422371175
data_elevator,clear,crps,0,0.001311397429419698
data_elevator,clear,crps,1,0.0013473109363880261
data_elevator,clear,crps,2,0.0013582213151386942
data_elevator,clear,crps,3,0.0013219770087960368
data_elevator,clear,crps,4,0.0013413930611616655
data_elevator,clear,crps,5,0.0013501251331523602
data_elevator,clear,crps,6,0.0013299679403750066
data_elevator,clear,crps,7,0.0013513311938914293
data_elevator,clear,crps,8,0.0013383464892409293
data_elevator,clear,crps,9,0.0013100816942216292
data_elevator,clear,auc,0,0.37856071475386505
data_elevator,clear,auc,1,0.27294786744993
data_elevator,clear,auc,2,0.273755701562593
data_elevator,clear,auc,3,0.2776283319903795
data_elevator,clear,auc,4,0.23126201899996635
data_elevator,clear,auc,5,0.26186514225742535
data_elevator,clear,auc,6,0.2795674185084652
data_elevator,clear,auc,7,0.30181164249284365
data_elevator,clear,auc,8,0.3106933134155631
data_elevator,clear,auc,9,0.23795936290733696
data_elevator,clear,nciw,0,0.13394228059280908
data_elevator,clear,nciw,1,0.15204812942543425
data_elevator,clear,nciw,2,0.14346681094828787
data_elevator,clear,nciw,3,0.12670387278176046
data_elevator,clear,nciw,4,0.12868341608179246
data_elevator,clear,nciw,5,0.13835914230574345
data_elevator,clear,nciw,6,0.12898603532162484
data_elevator,clear,nciw,7,0.13698193179904786
data_elevator,clear,nciw,8,0.14641764807723442
data_elevator,clear,nciw,9,0.13660175324879772
data_elevator,clear,lambda,0,0.7050988396850778
data_elevator,clear,lambda,1,0.5052426449401561
data_elevator,clear,lambda,2,0.523901931994771
data_elevator,clear,lambda,3,0.6004820089075462
data_elevator,clear,lambda,4,0.3879269929770953
data_elevator,clear,lambda,5,0.5770985724369333
data_elevator,clear,lambda,6,0.8293732044796286
data_elevator,clear,lambda,7,0.6151768727098682
data_elevator,clear,lambda,8,0.4280554195862041
data_elevator,clear,lambda,9,0.9278974901273312
data_elevator,clear,gamma,0,1.0630735508303197
data_elevator,clear,gamma,1,1.167737114299372
data_elevator,clear,gamma,2,1.1067888211355035
data_elevator,clear,gamma,3,1.0709936242228275
data_elevator,clear,gamma,4,1.2318853679626596
data_elevator,clear,gamma,5,1.127939635956236
data_elevator,clear,gamma,6,0.9536454332887734
data_elevator,clear,gamma,7,1.0934861428795803
data_elevator,clear,gamma,8,1.201312332400303
data_elevator,clear,gamma,9,0.8973028671119635
data_elevator,clear,total_aleatoric_calib,0,0.0058552200959418425
data_elevator,clear,total_aleatoric_calib,1,0.006491165103900019
data_elevator,clear,total_aleatoric_calib,2,0.006195948190785191
data_elevator,clear,total_aleatoric_calib,3,0.0059745048942728305
data_elevator,clear,total_aleatoric_calib,4,0.006870538457723223
data_elevator,clear,total_aleatoric_calib,5,0.006125297941825244
data_elevator,clear,total_aleatoric_calib,6,0.005384040186454023
data_elevator,clear,total_aleatoric_calib,7,0.006178352930541847
data_elevator,clear,total_aleatoric_calib,8,0.006675118380879885
data_elevator,clear,total_aleatoric_calib,9,0.0049955741301224675
data_elevator,clear,total_epistemic_calib,0,0.002910242059018852
data_elevator,clear,total_epistemic_calib,1,0.0022204206967363265
data_elevator,clear,total_epistemic_calib,2,0.0021156218817590397
data_elevator,clear,total_epistemic_calib,3,0.002426070146983143
data_elevator,clear,total_epistemic_calib,4,0.0017596033693654868
data_elevator,clear,total_epistemic_calib,5,0.0023770759287048016
data_elevator,clear,total_epistemic_calib,6,0.0028900314195783763
data_elevator,clear,total_epistemic_calib,7,0.0024726712130193514
data_elevator,clear,total_epistemic_calib,8,0.0018849407566859351
data_elevator,clear,total_epistemic_calib,9,0.003116689441942279
data_elevator,clear,uncertainty_ratio_calib,0,0.49703375984719905
data_elevator,clear,uncertainty_ratio_calib,1,0.34206812817043497
data_elevator,clear,uncertainty_ratio_calib,2,0.3414524809786917
data_elevator,clear,uncertainty_ratio_calib,3,0.406070492855195
data_elevator,clear,uncertainty_ratio_calib,4,0.25610851029987375
data_elevator,clear,uncertainty_ratio_calib,5,0.3880751518180796
data_elevator,clear,uncertainty_ratio_calib,6,0.5367774606975542
data_elevator,clear,uncertainty_ratio_calib,7,0.40021527433242565
data_elevator,clear,uncertainty_ratio_calib,8,0.2823831202881934
data_elevator,clear,uncertainty_ratio_calib,9,0.6238901397036967
data_elevator,clear,quantileloss,0,0.00013965504873161965
data_elevator,clear,quantileloss,1,0.00014168269495736977
data_elevator,clear,quantileloss,2,0.00014714992125108354
data_elevator,clear,quantileloss,3,0.0001433833224713739
data_elevator,clear,quantileloss,4,0.00014270852909367533
data_elevator,clear,quantileloss,5,0.0001436071625766676
data_elevator,clear,quantileloss,6,0.00014477706494528053
data_elevator,clear,quantileloss,7,0.0001466969870972737
data_elevator,clear,quantileloss,8,0.00013997975068879008
data_elevator,clear,quantileloss,9,0.00014402139833721885
data_elevator,clear,expectileloss,0,7.845688023717709e-07
data_elevator,clear,expectileloss,1,7.927131412098489e-07
data_elevator,clear,expectileloss,2,8.126801937731895e-07
data_elevator,clear,expectileloss,3,8.206924897914566e-07
data_elevator,clear,expectileloss,4,8.398835942301262e-07
data_elevator,clear,expectileloss,5,7.989993832863826e-07
data_elevator,clear,expectileloss,6,8.416606811208756e-07
data_elevator,clear,expectileloss,7,8.593934181357377e-07
data_elevator,clear,expectileloss,8,7.597302480763047e-07
data_elevator,clear,expectileloss,9,7.503296619742838e-07
data_elevator,clear,intervalscoreloss,0,0.011172403898529564
data_elevator,clear,intervalscoreloss,1,0.011334615596589572
data_elevator,clear,intervalscoreloss,2,0.011771993700086674
data_elevator,clear,intervalscoreloss,3,0.011470665797709903
data_elevator,clear,intervalscoreloss,4,0.011416682327494015
data_elevator,clear,intervalscoreloss,5,0.0114885730061334
data_elevator,clear,intervalscoreloss,6,0.01158216519562243
data_elevator,clear,intervalscoreloss,7,0.011735758967781885
data_elevator,clear,intervalscoreloss,8,0.011198380055103197
data_elevator,clear,intervalscoreloss,9,0.011521711866977495
data_elevator,cqr,picp,0,0.9448795180722892
data_elevator,cqr,picp,1,0.9466867469879519
data_elevator,cqr,picp,2,0.944578313253012
data_elevator,cqr,picp,3,0.9484939759036145
data_elevator,cqr,picp,4,0.9512048192771084
data_elevator,cqr,picp,5,0.9518072289156626
data_elevator,cqr,picp,6,0.9427710843373494
data_elevator,cqr,picp,7,0.9493975903614458
data_elevator,cqr,picp,8,0.9466867469879519
data_elevator,cqr,picp,9,0.9409638554216867
data_elevator,cqr,niw,0,0.16515502768626247
data_elevator,cqr,niw,1,0.19138481058224419
data_elevator,cqr,niw,2,0.17889579202499176
data_elevator,cqr,niw,3,0.1579682423908116
data_elevator,cqr,niw,4,0.15920032679977855
data_elevator,cqr,niw,5,0.17571317349554047
data_elevator,cqr,niw,6,0.15803874359225056
data_elevator,cqr,niw,7,0.17137361769128281
data_elevator,cqr,niw,8,0.1758938863630429
data_elevator,cqr,niw,9,0.16854989846103807
data_elevator,cqr,mpiw,0,0.010239611716548273
data_elevator,cqr,mpiw,1,0.010717549392605675
data_elevator,cqr,mpiw,2,0.010733747521499505
data_elevator,cqr,mpiw,3,0.010425903997793565
data_elevator,cqr,mpiw,4,0.010507221568785386
data_elevator,cqr,mpiw,5,0.010894216756723508
data_elevator,cqr,mpiw,6,0.010430557077088537
data_elevator,cqr,mpiw,7,0.010625164296859535
data_elevator,cqr,mpiw,8,0.010377739295419531
data_elevator,cqr,mpiw,9,0.01045009370458436
data_elevator,cqr,crps,0,0.0017846308789079381
data_elevator,cqr,crps,1,0.0017963003494931176
data_elevator,cqr,crps,2,0.0018272889780427321
data_elevator,cqr,crps,3,0.0017802173188148525
data_elevator,cqr,crps,4,0.0018070898551598607
data_elevator,cqr,crps,5,0.001842414179506916
data_elevator,cqr,crps,6,0.0018368177738080662
data_elevator,cqr,crps,7,0.0018338466496331158
data_elevator,cqr,crps,8,0.0017694673926332547
data_elevator,cqr,crps,9,0.0018204067102276316
data_elevator,cqr,auc,0,0.8055051305757222
data_elevator,cqr,auc,1,0.7587688884298582
data_elevator,cqr,auc,2,0.4383389168445032
data_elevator,cqr,auc,3,0.7977011693855603
data_elevator,cqr,auc,4,0.8470861664996555
data_elevator,cqr,auc,5,0.6214875227719969
data_elevator,cqr,auc,6,0.7204755660439278
data_elevator,cqr,auc,7,1.0488898423203528
data_elevator,cqr,auc,8,0.49121192931122243
data_elevator,cqr,auc,9,0.47621861003023314
data_elevator,cqr,nciw,0,0.1691399915533545
data_elevator,cqr,nciw,1,0.19540040349911603
data_elevator,cqr,nciw,2,0.18356438308990128
data_elevator,cqr,nciw,3,0.15841882534511406
data_elevator,cqr,nciw,4,0.15819964105847598
data_elevator,cqr,nciw,5,0.17423130333551845
data_elevator,cqr,nciw,6,0.16328618154140148
data_elevator,cqr,nciw,7,0.17153713495607872
data_elevator,cqr,nciw,8,0.17915226652061567
data_elevator,cqr,nciw,9,0.17738791432427534
data_elevator,cqr,quantileloss,0,0.0001740347056552848
data_elevator,cqr,quantileloss,1,0.0001740342262412804
data_elevator,cqr,quantileloss,2,0.00017899426841141994
data_elevator,cqr,quantileloss,3,0.00017361099303059058
data_elevator,cqr,quantileloss,4,0.0001771036492139579
data_elevator,cqr,quantileloss,5,0.00017645187507578502
data_elevator,cqr,quantileloss,6,0.00017708097087283892
data_elevator,cqr,quantileloss,7,0.00017735403694734211
data_elevator,cqr,quantileloss,8,0.0001677350699347557
data_elevator,cqr,quantileloss,9,0.0001764640829476097
data_elevator,cqr,expectileloss,0,1.2976141116592058e-06
data_elevator,cqr,expectileloss,1,1.2951506721038502e-06
data_elevator,cqr,expectileloss,2,1.340622703328817e-06
data_elevator,cqr,expectileloss,3,1.3715056681286776e-06
data_elevator,cqr,expectileloss,4,1.4146889706415065e-06
data_elevator,cqr,expectileloss,5,1.3521939130045865e-06
data_elevator,cqr,expectileloss,6,1.460950416334732e-06
data_elevator,cqr,expectileloss,7,1.3640390725147075e-06
data_elevator,cqr,expectileloss,8,1.2164876691060673e-06
data_elevator,cqr,expectileloss,9,1.3018123286927952e-06
data_elevator,cqr,intervalscoreloss,0,0.013922776452422769
data_elevator,cqr,intervalscoreloss,1,0.013922738099302424
data_elevator,cqr,intervalscoreloss,2,0.014319541472913581
data_elevator,cqr,intervalscoreloss,3,0.013888879442447235
data_elevator,cqr,intervalscoreloss,4,0.01416829193711662
data_elevator,cqr,intervalscoreloss,5,0.014116150006062787
data_elevator,cqr,intervalscoreloss,6,0.014166477669827097
data_elevator,cqr,intervalscoreloss,7,0.014188322955787359
data_elevator,cqr,intervalscoreloss,8,0.013418805594780446
data_elevator,cqr,intervalscoreloss,9,0.014117126635808762
data_elevator,cqr_residual,picp,0,0.9503012048192772
data_elevator,cqr_residual,picp,1,0.9385542168674699
data_elevator,cqr_residual,picp,2,0.9533132530120482
data_elevator,cqr_residual,picp,3,0.9496987951807229
data_elevator,cqr_residual,picp,4,0.9481927710843373
data_elevator,cqr_residual,picp,5,0.9343373493975904
data_elevator,cqr_residual,picp,6,0.9515060240963855
data_elevator,cqr_residual,picp,7,0.9496987951807229
data_elevator,cqr_residual,picp,8,0.9424698795180723
data_elevator,cqr_residual,picp,9,0.9551204819277108
data_elevator,cqr_residual,niw,0,0.14615716537919685
data_elevator,cqr_residual,niw,1,0.15391162449286974
data_elevator,cqr_residual,niw,2,0.15967938597466297
data_elevator,cqr_residual,niw,3,0.138600712267217
data_elevator,cqr_residual,niw,4,0.13218817208963746
data_elevator,cqr_residual,niw,5,0.13721733020505306
data_elevator,cqr_residual,niw,6,0.1373386751284859
data_elevator,cqr_residual,niw,7,0.14356431635763864
data_elevator,cqr_residual,niw,8,0.1485965619937988
data_elevator,cqr_residual,niw,9,0.15424225959412163
data_elevator,cqr_residual,mpiw,0,0.009061744253510204
data_elevator,cqr_residual,mpiw,1,0.008619050971600708
data_elevator,cqr_residual,mpiw,2,0.009580763158479777
data_elevator,cqr_residual,mpiw,3,0.009147647009636323
data_elevator,cqr_residual,mpiw,4,0.008724419357916072
data_elevator,cqr_residual,mpiw,5,0.00850747447271329
data_elevator,cqr_residual,mpiw,6,0.00906435255848007
data_elevator,cqr_residual,mpiw,7,0.008900987614173595
data_elevator,cqr_residual,mpiw,8,0.008767197157634129
data_elevator,cqr_residual,mpiw,9,0.00956302009483554
data_elevator,cqr_residual,crps,0,0.0013335496873735436
data_elevator,cqr_residual,crps,1,0.0013509711019327928
data_elevator,cqr_residual,crps,2,0.001402870578420448
data_elevator,cqr_residual,crps,3,0.0013591609077729025
data_elevator,cqr_residual,crps,4,0.001334560891879327
data_elevator,cqr_residual,crps,5,0.0013558431441429695
data_elevator,cqr_residual,crps,6,0.0013621800489865578
data_elevator,cqr_residual,crps,7,0.001363398777657309
data_elevator,cqr_residual,crps,8,0.0013422977443942003
data_elevator,cqr_residual,crps,9,0.0013742866666039647
data_elevator,cqr_residual,auc,0,0.37652475668819185
data_elevator,cqr_residual,auc,1,0.39472252579010525
data_elevator,cqr_residual,auc,2,0.3618507832412832
data_elevator,cqr_residual,auc,3,0.3381462318222828
data_elevator,cqr_residual,auc,4,0.32442798028591574
data_elevator,cqr_residual,auc,5,0.3109714113888259
data_elevator,cqr_residual,auc,6,0.4337649212905425
data_elevator,cqr_residual,auc,7,0.35189412063896053
data_elevator,cqr_residual,auc,8,0.30487941648740435
data_elevator,cqr_residual,auc,9,0.34259075955696955
data_elevator,cqr_residual,nciw,0,0.14553542633005334
data_elevator,cqr_residual,nciw,1,0.162463128275952
data_elevator,cqr_residual,nciw,2,0.15635840089991876
data_elevator,cqr_residual,nciw,3,0.13862110685457013
data_elevator,cqr_residual,nciw,4,0.13361139138156192
data_elevator,cqr_residual,nciw,5,0.15032898528081648
data_elevator,cqr_residual,nciw,6,0.13496396864183594
data_elevator,cqr_residual,nciw,7,0.14380676683032226
data_elevator,cqr_residual,nciw,8,0.15507232110961497
data_elevator,cqr_residual,nciw,9,0.15019607804289584
data_elevator,cqr_residual,quantileloss,0,0.000158601713948588
data_elevator,cqr_residual,quantileloss,1,0.00016177978794767453
data_elevator,cqr_residual,quantileloss,2,0.00016656500629200937
data_elevator,cqr_residual,quantileloss,3,0.00016343763021954452
data_elevator,cqr_residual,quantileloss,4,0.0001596220863271396
data_elevator,cqr_residual,quantileloss,5,0.00016443180209765838
data_elevator,cqr_residual,quantileloss,6,0.00016213720502951498
data_elevator,cqr_residual,quantileloss,7,0.00016496350984183817
data_elevator,cqr_residual,quantileloss,8,0.00015617187638103752
data_elevator,cqr_residual,quantileloss,9,0.00016124681633167972
data_elevator,cqr_residual,expectileloss,0,8.687591709633161e-07
data_elevator,cqr_residual,expectileloss,1,8.55733746283486e-07
data_elevator,cqr_residual,expectileloss,2,9.738652138724668e-07
data_elevator,cqr_residual,expectileloss,3,9.568361777957128e-07
data_elevator,cqr_residual,expectileloss,4,9.255077456023428e-07
data_elevator,cqr_residual,expectileloss,5,8.481386007131859e-07
data_elevator,cqr_residual,expectileloss,6,9.864364726550865e-07
data_elevator,cqr_residual,expectileloss,7,9.428922306340009e-07
data_elevator,cqr_residual,expectileloss,8,8.043473707465831e-07
data_elevator,cqr_residual,expectileloss,9,9.025636789033389e-07
data_elevator,cqr_residual,intervalscoreloss,0,0.012688137115887026
data_elevator,cqr_residual,intervalscoreloss,1,0.012942383035813949
data_elevator,cqr_residual,intervalscoreloss,2,0.013325200503360734
data_elevator,cqr_residual,intervalscoreloss,3,0.013075010417563548
data_elevator,cqr_residual,intervalscoreloss,4,0.012769766906171159
data_elevator,cqr_residual,intervalscoreloss,5,0.013154544167812659
data_elevator,cqr_residual,intervalscoreloss,6,0.012970976402361185
data_elevator,cqr_residual,intervalscoreloss,7,0.013197080787347042
data_elevator,cqr_residual,intervalscoreloss,8,0.01249375011048299
data_elevator,cqr_residual,intervalscoreloss,9,0.012899745306534368
data_elevator,pcs,picp,0,0.9478915662650602
data_elevator,pcs,picp,1,0.9530120481927711
data_elevator,pcs,picp,2,0.9545180722891566
data_elevator,pcs,picp,3,0.9599397590361446
data_elevator,pcs,picp,4,0.9496987951807229
data_elevator,pcs,picp,5,0.944578313253012
data_elevator,pcs,picp,6,0.9578313253012049
data_elevator,pcs,picp,7,0.9436746987951807
data_elevator,pcs,picp,8,0.9506024096385542
data_elevator,pcs,picp,9,0.9551204819277108
data_elevator,pcs,niw,0,0.1894216561297416
data_elevator,pcs,niw,1,0.21636491825485107
data_elevator,pcs,niw,2,0.21590719804501715
data_elevator,pcs,niw,3,0.19066310648953425
data_elevator,pcs,niw,4,0.18197272576128024
data_elevator,pcs,niw,5,0.1858939017708598
data_elevator,pcs,niw,6,0.18651808394451233
data_elevator,pcs,niw,7,0.18474385587810807
data_elevator,pcs,niw,8,0.2048168691085198
data_elevator,pcs,niw,9,0.18790037613829363
data_elevator,pcs,mpiw,0,0.011744142680043979
data_elevator,pcs,mpiw,1,0.012116435422271662
data_elevator,pcs,mpiw,2,0.01295443188270103
data_elevator,pcs,mpiw,3,0.012583765028309261
data_elevator,pcs,mpiw,4,0.012010199900244496
data_elevator,pcs,mpiw,5,0.011525421909793308
data_elevator,pcs,mpiw,6,0.012310193540337815
data_elevator,pcs,mpiw,7,0.0114541190644427
data_elevator,pcs,mpiw,8,0.012084195277402668
data_elevator,pcs,mpiw,9,0.011649823320574204
data_elevator,pcs,crps,0,0.0014876451930455825
data_elevator,pcs,crps,1,0.0015263045392037802
data_elevator,pcs,crps,2,0.001611515301822602
data_elevator,pcs,crps,3,0.00155260534450104
data_elevator,pcs,crps,4,0.001533408700115556
data_elevator,pcs,crps,5,0.0015109398538859465
data_elevator,pcs,crps,6,0.0015521158367903674
data_elevator,pcs,crps,7,0.0014945751424511775
data_elevator,pcs,crps,8,0.0015302916912038045
data_elevator,pcs,crps,9,0.001501272389304961
data_elevator,pcs,auc,0,1.095297874297737
data_elevator,pcs,auc,1,0.7783515860152328
data_elevator,pcs,auc,2,0.8800030657630589
data_elevator,pcs,auc,3,1.0271153312693642
data_elevator,pcs,auc,4,0.7743473692626346
data_elevator,pcs,auc,5,1.2027626050241822
data_elevator,pcs,auc,6,0.7310264699555847
data_elevator,pcs,auc,7,0.6751939274438239
data_elevator,pcs,auc,8,0.8336620253822897
data_elevator,pcs,auc,9,0.7048404664360958
data_elevator,pcs,nciw,0,0.19432230127517133
data_elevator,pcs,nciw,1,0.21086466809773757
data_elevator,pcs,nciw,2,0.21085502216662083
data_elevator,pcs,nciw,3,0.17690173618623556
data_elevator,pcs,nciw,4,0.18220599106769117
data_elevator,pcs,nciw,5,0.1914580970447809
data_elevator,pcs,nciw,6,0.17651408694143472
data_elevator,pcs,nciw,7,0.190460382086476
data_elevator,pcs,nciw,8,0.20315327333475575
data_elevator,pcs,nciw,9,0.1836656129020059
data_elevator,pcs,quantileloss,0,0.00018000908041340393
data_elevator,pcs,quantileloss,1,0.00018854762786129554
data_elevator,pcs,quantileloss,2,0.00020437455366688597
data_elevator,pcs,quantileloss,3,0.00019390019855253698
data_elevator,pcs,quantileloss,4,0.00019707991399251843
data_elevator,pcs,quantileloss,5,0.00019298835764504336
data_elevator,pcs,quantileloss,6,0.00018892248501651562
data_elevator,pcs,quantileloss,7,0.00018752386868795985
data_elevator,pcs,quantileloss,8,0.00019422753770539168
data_elevator,pcs,quantileloss,9,0.00018275483379533421
data_elevator,pcs,expectileloss,0,1.5169826029589462e-06
data_elevator,pcs,expectileloss,1,1.622179250197215e-06
data_elevator,pcs,expectileloss,2,1.8954814968150914e-06
data_elevator,pcs,expectileloss,3,1.778333661733534e-06
data_elevator,pcs,expectileloss,4,1.7016269140928263e-06
data_elevator,pcs,expectileloss,5,1.5354133901800824e-06
data_elevator,pcs,expectileloss,6,1.688618460281045e-06
data_elevator,pcs,expectileloss,7,1.5419439690767452e-06
data_elevator,pcs,expectileloss,8,1.6371304868951408e-06
data_elevator,pcs,expectileloss,9,1.4962005373108114e-06
data_elevator,pcs,intervalscoreloss,0,0.014400726433072301
data_elevator,pcs,intervalscoreloss,1,0.015083810228903628
data_elevator,pcs,intervalscoreloss,2,0.016349964293350863
data_elevator,pcs,intervalscoreloss,3,0.015512015884202947
data_elevator,pcs,intervalscoreloss,4,0.015766393119401458
data_elevator,pcs,intervalscoreloss,5,0.015439068611603457
data_elevator,pcs,intervalscoreloss,6,0.015113798801321236
data_elevator,pcs,intervalscoreloss,7,0.015001909495036776
data_elevator,pcs,intervalscoreloss,8,0.01553820301643132
data_elevator,pcs,intervalscoreloss,9,0.014620386703626724
data_elevator,pcs,gamma,0,3.104658519849181
data_elevator,pcs,gamma,1,3.23695922549814
data_elevator,pcs,gamma,2,3.522707499563694
data_elevator,pcs,gamma,3,3.389561998657882
data_elevator,pcs,gamma,4,3.1994514325633645
data_elevator,pcs,gamma,5,2.993320459499955
data_elevator,pcs,gamma,6,3.334712643176317
data_elevator,pcs,gamma,7,3.071369120851159
data_elevator,pcs,gamma,8,3.2464668937027454
data_elevator,pcs,gamma,9,3.1827341625466943
data_elevator,a_naive,picp,0,0.9539156626506025
data_elevator,a_naive,picp,1,0.9379518072289157
data_elevator,a_naive,picp,2,0.9506024096385542
data_elevator,a_naive,picp,3,0.9484939759036145
data_elevator,a_naive,picp,4,0.9454819277108434
data_elevator,a_naive,picp,5,0.9460843373493976
data_elevator,a_naive,picp,6,0.9412650602409639
data_elevator,a_naive,picp,7,0.947289156626506
data_elevator,a_naive,picp,8,0.9518072289156626
data_elevator,a_naive,picp,9,0.9484939759036145
data_elevator,a_naive,niw,0,0.15687429844852416
data_elevator,a_naive,niw,1,0.17251528639878547
data_elevator,a_naive,niw,2,0.19117387520770227
data_elevator,a_naive,niw,3,0.15764914012768055
data_elevator,a_naive,niw,4,0.1575706192489827
data_elevator,a_naive,niw,5,0.16228658513676733
data_elevator,a_naive,niw,6,0.15712158212607563
data_elevator,a_naive,niw,7,0.1619331622796674
data_elevator,a_naive,niw,8,0.18480134060827358
data_elevator,a_naive,niw,9,0.16981030447829146
data_elevator,a_naive,mpiw,0,0.009726206503808498
data_elevator,a_naive,mpiw,1,0.009660856038331988
data_elevator,a_naive,mpiw,2,0.011470432512462136
data_elevator,a_naive,mpiw,3,0.010404843248426917
data_elevator,a_naive,mpiw,4,0.010399660870432858
data_elevator,a_naive,mpiw,5,0.010061768278479575
data_elevator,a_naive,mpiw,6,0.010370024420320992
data_elevator,a_naive,mpiw,7,0.010039856061339378
data_elevator,a_naive,mpiw,8,0.010903279095888141
data_elevator,a_naive,mpiw,9,0.01052823887765407
data_elevator,a_naive,crps,0,0.0015411570697176653
data_elevator,a_naive,crps,1,0.0016113702571345784
data_elevator,a_naive,crps,2,0.0018995594274423123
data_elevator,a_naive,crps,3,0.0017182351945167738
data_elevator,a_naive,crps,4,0.0017598468247593205
data_elevator,a_naive,crps,5,0.0016485149481032892
data_elevator,a_naive,crps,6,0.0017678133005508629
data_elevator,a_naive,crps,7,0.0016167869193133503
data_elevator,a_naive,crps,8,0.0017878850511208826
data_elevator,a_naive,crps,9,0.001691531787364663
data_elevator,a_naive,auc,0,0.40828783500491106
data_elevator,a_naive,auc,1,0.45157990786175484
data_elevator,a_naive,auc,2,0.5082235003223935
data_elevator,a_naive,auc,3,0.7437098575565203
data_elevator,a_naive,auc,4,0.7439993866960715
data_elevator,a_naive,auc,5,0.45032712931653684
data_elevator,a_naive,auc,6,0.7316539131464787
data_elevator,a_naive,auc,7,0.5527213712093635
data_elevator,a_naive,auc,8,0.4833236633743844
data_elevator,a_naive,auc,9,0.38834685342496517
data_elevator,a_naive,nciw,0,0.15307546091896806
data_elevator,a_naive,nciw,1,0.18483431979025103
data_elevator,a_naive,nciw,2,0.18956773191514412
data_elevator,a_naive,nciw,3,0.1607539266731489
data_elevator,a_naive,nciw,4,0.16282982054605083
data_elevator,a_naive,nciw,5,0.1652692313354162
data_elevator,a_naive,nciw,6,0.16328436141793615
data_elevator,a_naive,nciw,7,0.1644497280331258
data_elevator,a_naive,nciw,8,0.18065346076736866
data_elevator,a_naive,nciw,9,0.17111116791566885
data_elevator,a_naive,quantileloss,0,0.0001709301815244808
data_elevator,a_naive,quantileloss,1,0.00017972682728880962
data_elevator,a_naive,quantileloss,2,0.0001910514016018576
data_elevator,a_naive,quantileloss,3,0.0001859196915414679
data_elevator,a_naive,quantileloss,4,0.00018385831747955866
data_elevator,a_naive,quantileloss,5,0.00017905712134754634
data_elevator,a_naive,quantileloss,6,0.00018844706219205848
data_elevator,a_naive,quantileloss,7,0.00017939598289464266
data_elevator,a_naive,quantileloss,8,0.00017793873196737068
data_elevator,a_naive,quantileloss,9,0.00018331770852028618
data_elevator,a_naive,expectileloss,0,1.014763716489005e-06
data_elevator,a_naive,expectileloss,1,1.0920768110146595e-06
data_elevator,a_naive,expectileloss,2,1.3640192035804053e-06
data_elevator,a_naive,expectileloss,3,1.2594502761704783e-06
data_elevator,a_naive,expectileloss,4,1.2817623575195326e-06
data_elevator,a_naive,expectileloss,5,1.1057798605942231e-06
data_elevator,a_naive,expectileloss,6,1.3225117173403993e-06
data_elevator,a_naive,expectileloss,7,1.134045328486812e-06
data_elevator,a_naive,expectileloss,8,1.1704987349484811e-06
data_elevator,a_naive,expectileloss,9,1.1190260495223677e-06
data_elevator,a_naive,intervalscoreloss,0,0.013674414521958451
data_elevator,a_naive,intervalscoreloss,1,0.014378146183104758
data_elevator,a_naive,intervalscoreloss,2,0.015284112128148591
data_elevator,a_naive,intervalscoreloss,3,0.014873575323317421
data_elevator,a_naive,intervalscoreloss,4,0.014708665398364682
data_elevator,a_naive,intervalscoreloss,5,0.014324569707803695
data_elevator,a_naive,intervalscoreloss,6,0.015075764975364664
data_elevator,a_naive,intervalscoreloss,7,0.0143516786315714
data_elevator,a_naive,intervalscoreloss,8,0.014235098557389643
data_elevator,a_naive,intervalscoreloss,9,0.014665416681622882
data_elevator,s_naive,picp,0,0.9397590361445783
data_elevator,s_naive,picp,1,0.9364457831325301
data_elevator,s_naive,picp,2,0.9548192771084337
data_elevator,s_naive,picp,3,0.9433734939759036
data_elevator,s_naive,picp,4,0.9481927710843373
data_elevator,s_naive,picp,5,0.9376506024096386
data_elevator,s_naive,picp,6,0.9617469879518072
data_elevator,s_naive,picp,7,0.9475903614457831
data_elevator,s_naive,picp,8,0.9545180722891566
data_elevator,s_naive,picp,9,0.9551204819277108
data_elevator,s_naive,niw,0,0.14929756017461895
data_elevator,s_naive,niw,1,0.17217252669589864
data_elevator,s_naive,niw,2,0.1905303965012232
data_elevator,s_naive,niw,3,0.14838890957109852
data_elevator,s_naive,niw,4,0.15515426252827497
data_elevator,s_naive,niw,5,0.1585800876059839
data_elevator,s_naive,niw,6,0.16767203130505307
data_elevator,s_naive,niw,7,0.15878497857239932
data_elevator,s_naive,niw,8,0.18606254736245695
data_elevator,s_naive,niw,9,0.1769587738860038
data_elevator,s_naive,mpiw,0,0.009256448730826376
data_elevator,s_naive,mpiw,1,0.009641661494970324
data_elevator,s_naive,mpiw,2,0.011431823790073391
data_elevator,s_naive,mpiw,3,0.009793668031692503
data_elevator,s_naive,mpiw,4,0.010240181326866148
data_elevator,s_naive,mpiw,5,0.009831965431571003
data_elevator,s_naive,mpiw,6,0.011066354066133502
data_elevator,s_naive,mpiw,7,0.009844668671488758
data_elevator,s_naive,mpiw,8,0.01097769029438496
data_elevator,s_naive,mpiw,9,0.010971443980932236
data_elevator,s_naive,crps,0,0.0013513529178899822
data_elevator,s_naive,crps,1,0.001410411863262846
data_elevator,s_naive,crps,2,0.0015149350745531128
data_elevator,s_naive,crps,3,0.0014000773695990933
data_elevator,s_naive,crps,4,0.0014209485983280488
data_elevator,s_naive,crps,5,0.0014254755437889941
data_elevator,s_naive,crps,6,0.0014513274864041054
data_elevator,s_naive,crps,7,0.0013982138064517337
data_elevator,s_naive,crps,8,0.0014527423818409037
data_elevator,s_naive,crps,9,0.0014527969154915629
data_elevator,s_naive,auc,0,0.5667835835794919
data_elevator,s_naive,auc,1,0.641321009809709
data_elevator,s_naive,auc,2,0.757437080879767
data_elevator,s_naive,auc,3,1.060074163158875
data_elevator,s_naive,auc,4,1.080609047315762
data_elevator,s_naive,auc,5,0.6386423662857594
data_elevator,s_naive,auc,6,1.0630642463043385
data_elevator,s_naive,auc,7,0.7701307814234187
data_elevator,s_naive,auc,8,0.7136530137523687
data_elevator,s_naive,auc,9,0.5567183979350769
data_elevator,s_naive,nciw,0,0.16362112856680353
data_elevator,s_naive,nciw,1,0.19520010932215626
data_elevator,s_naive,nciw,2,0.17479142099618916
data_elevator,s_naive,nciw,3,0.15926989303393804
data_elevator,s_naive,nciw,4,0.1568673347884959
data_elevator,s_naive,nciw,5,0.17833030079641643
data_elevator,s_naive,nciw,6,0.149362946098501
data_elevator,s_naive,nciw,7,0.16177920179982333
data_elevator,s_naive,nciw,8,0.17541548129865678
data_elevator,s_naive,nciw,9,0.16828630504108247
data_elevator,s_naive,quantileloss,0,0.00019735865615398064
data_elevator,s_naive,quantileloss,1,0.00020840038757053136
data_elevator,s_naive,quantileloss,2,0.00021946092318765923
data_elevator,s_naive,quantileloss,3,0.00020868069804778493
data_elevator,s_naive,quantileloss,4,0.0002118259614647693
data_elevator,s_naive,quantileloss,5,0.00021024145896221153
data_elevator,s_naive,quantileloss,6,0.00020993268269574262
data_elevator,s_naive,quantileloss,7,0.00020395705314375564
data_elevator,s_naive,quantileloss,8,0.00020627431057236473
data_elevator,s_naive,quantileloss,9,0.00020503762717392443
data_elevator,s_naive,expectileloss,0,1.1252250932028925e-06
data_elevator,s_naive,expectileloss,1,1.2484266454814175e-06
data_elevator,s_naive,expectileloss,2,1.5017081211444374e-06
data_elevator,s_naive,expectileloss,3,1.3651714881199858e-06
data_elevator,s_naive,expectileloss,4,1.4316451057160279e-06
data_elevator,s_naive,expectileloss,5,1.2550162364628737e-06
data_elevator,s_naive,expectileloss,6,1.508505388330902e-06
data_elevator,s_naive,expectileloss,7,1.2667274116532505e-06
data_elevator,s_naive,expectileloss,8,1.2928417023045558e-06
data_elevator,s_naive,expectileloss,9,1.2712201564015125e-06
data_elevator,s_naive,intervalscoreloss,0,0.015788692492318436
data_elevator,s_naive,intervalscoreloss,1,0.016672031005642494
data_elevator,s_naive,intervalscoreloss,2,0.017556873855012724
data_elevator,s_naive,intervalscoreloss,3,0.01669445584382278
data_elevator,s_naive,intervalscoreloss,4,0.01694607691718153
data_elevator,s_naive,intervalscoreloss,5,0.01681931671697691
data_elevator,s_naive,intervalscoreloss,6,0.01679461461565939
data_elevator,s_naive,intervalscoreloss,7,0.016316564251500434
data_elevator,s_naive,intervalscoreloss,8,0.016501944845789162
data_elevator,s_naive,intervalscoreloss,9,0.01640301017391394
data_elevator,mean_pcs_cqr,picp,0,0.9680722891566265
data_elevator,mean_pcs_cqr,picp,1,0.9701807228915663
data_elevator,mean_pcs_cqr,picp,2,0.9707831325301205
data_elevator,mean_pcs_cqr,picp,3,0.9737951807228916
data_elevator,mean_pcs_cqr,picp,4,0.9671686746987952
data_elevator,mean_pcs_cqr,picp,5,0.9656626506024096
data_elevator,mean_pcs_cqr,picp,6,0.9683734939759037
data_elevator,mean_pcs_cqr,picp,7,0.9674698795180723
data_elevator,mean_pcs_cqr,picp,8,0.9644578313253012
data_elevator,mean_pcs_cqr,picp,9,0.9635542168674699
data_elevator,mean_pcs_cqr,niw,0,0.17728834190800205
data_elevator,mean_pcs_cqr,niw,1,0.20387486441854766
data_elevator,mean_pcs_cqr,niw,2,0.19740149503500448
data_elevator,mean_pcs_cqr,niw,3,0.1743156744401729
data_elevator,mean_pcs_cqr,niw,4,0.1705865262805294
data_elevator,mean_pcs_cqr,niw,5,0.18080353763320012
data_elevator,mean_pcs_cqr,niw,6,0.17227841376838143
data_elevator,mean_pcs_cqr,niw,7,0.17805873678469544
data_elevator,mean_pcs_cqr,niw,8,0.19035537773578134
data_elevator,mean_pcs_cqr,niw,9,0.17822513729966583
data_elevator,mean_pcs_cqr,mpiw,0,0.010991877198296127
data_elevator,mean_pcs_cqr,mpiw,1,0.01141699240743867
data_elevator,mean_pcs_cqr,mpiw,2,0.011844089702100269
data_elevator,mean_pcs_cqr,mpiw,3,0.011504834513051412
data_elevator,mean_pcs_cqr,mpiw,4,0.01125871073451494
data_elevator,mean_pcs_cqr,mpiw,5,0.011209819333258408
data_elevator,mean_pcs_cqr,mpiw,6,0.011370375308713175
data_elevator,mean_pcs_cqr,mpiw,7,0.011039641680651118
data_elevator,mean_pcs_cqr,mpiw,8,0.0112309672864111
data_elevator,mean_pcs_cqr,mpiw,9,0.011049958512579281
data_elevator,mean_pcs_cqr,crps,0,0.0015357551014132803
data_elevator,mean_pcs_cqr,crps,1,0.0015650096773872542
data_elevator,mean_pcs_cqr,crps,2,0.00161477954177713
data_elevator,mean_pcs_cqr,crps,3,0.001567669585117883
data_elevator,mean_pcs_cqr,crps,4,0.001576981948163593
data_elevator,mean_pcs_cqr,crps,5,0.0015872979973143382
data_elevator,mean_pcs_cqr,crps,6,0.0015955306686012479
data_elevator,mean_pcs_cqr,crps,7,0.001573115418369746
data_elevator,mean_pcs_cqr,crps,8,0.0015580081201307335
data_elevator,mean_pcs_cqr,crps,9,0.0015658104412144414
data_elevator,mean_pcs_cqr,auc,0,0.4977272938632267
data_elevator,mean_pcs_cqr,auc,1,0.3687690508836494
data_elevator,mean_pcs_cqr,auc,2,0.4601804860169975
data_elevator,mean_pcs_cqr,auc,3,0.4127642788317665
data_elevator,mean_pcs_cqr,auc,4,0.4144799950293652
data_elevator,mean_pcs_cqr,auc,5,0.5205069832653431
data_elevator,mean_pcs_cqr,auc,6,0.4230828904684938
data_elevator,mean_pcs_cqr,auc,7,0.3962279328088868
data_elevator,mean_pcs_cqr,auc,8,0.41903249603910103
data_elevator,mean_pcs_cqr,auc,9,0.31677165396296125
data_elevator,mean_pcs_cqr,nciw,0,0.15619517031873098
data_elevator,mean_pcs_cqr,nciw,1,0.17663487840373907
data_elevator,mean_pcs_cqr,nciw,2,0.16950445941220318
data_elevator,mean_pcs_cqr,nciw,3,0.14593777636775349
data_elevator,mean_pcs_cqr,nciw,4,0.15154044210548287
data_elevator,mean_pcs_cqr,nciw,5,0.16067685799156772
data_elevator,mean_pcs_cqr,nciw,6,0.1511535174658669
data_elevator,mean_pcs_cqr,nciw,7,0.15811029755394157
data_elevator,mean_pcs_cqr,nciw,8,0.16612838289090526
data_elevator,mean_pcs_cqr,nciw,9,0.15829350387306973
data_elevator,mean_pcs_cqr,quantileloss,0,0.00015961172075565737
data_elevator,mean_pcs_cqr,quantileloss,1,0.00016408760923134635
data_elevator,mean_pcs_cqr,quantileloss,2,0.00017546814657265597
data_elevator,mean_pcs_cqr,quantileloss,3,0.00016846451003449153
data_elevator,mean_pcs_cqr,quantileloss,4,0.00017064955911669274
data_elevator,mean_pcs_cqr,quantileloss,5,0.0001690970789535934
data_elevator,mean_pcs_cqr,quantileloss,6,0.00016899379979386944
data_elevator,mean_pcs_cqr,quantileloss,7,0.00016832338590134246
data_elevator,mean_pcs_cqr,quantileloss,8,0.0001683203543436414
data_elevator,mean_pcs_cqr,quantileloss,9,0.00016304426656027138
data_elevator,mean_pcs_cqr,expectileloss,0,1.2503825621216504e-06
data_elevator,mean_pcs_cqr,expectileloss,1,1.3137691363266552e-06
data_elevator,mean_pcs_cqr,expectileloss,2,1.4480515581869889e-06
data_elevator,mean_pcs_cqr,expectileloss,3,1.4105361391176916e-06
data_elevator,mean_pcs_cqr,expectileloss,4,1.4022263434273042e-06
data_elevator,mean_pcs_cqr,expectileloss,5,1.309156724299431e-06
data_elevator,mean_pcs_cqr,expectileloss,6,1.3977616884507608e-06
data_elevator,mean_pcs_cqr,expectileloss,7,1.3143599584474372e-06
data_elevator,mean_pcs_cqr,expectileloss,8,1.2963601273855295e-06
data_elevator,mean_pcs_cqr,expectileloss,9,1.257860223935997e-06
data_elevator,mean_pcs_cqr,intervalscoreloss,0,0.012768937660452576
data_elevator,mean_pcs_cqr,intervalscoreloss,1,0.013127008738507695
data_elevator,mean_pcs_cqr,intervalscoreloss,2,0.014037451725812465
data_elevator,mean_pcs_cqr,intervalscoreloss,3,0.01347716080275931
data_elevator,mean_pcs_cqr,intervalscoreloss,4,0.013651964729335407
data_elevator,mean_pcs_cqr,intervalscoreloss,5,0.013527766316287458
data_elevator,mean_pcs_cqr,intervalscoreloss,6,0.013519503983509543
data_elevator,mean_pcs_cqr,intervalscoreloss,7,0.013465870872107384
data_elevator,mean_pcs_cqr,intervalscoreloss,8,0.013465628347491303
data_elevator,mean_pcs_cqr,intervalscoreloss,9,0.013043541324821701
data_elevator,mean_pcs_cqr_residual,picp,0,0.9746987951807229
data_elevator,mean_pcs_cqr_residual,picp,1,0.9713855421686747
data_elevator,mean_pcs_cqr_residual,picp,2,0.9737951807228916
data_elevator,mean_pcs_cqr_residual,picp,3,0.9746987951807229
data_elevator,mean_pcs_cqr_residual,picp,4,0.9701807228915663
data_elevator,mean_pcs_cqr_residual,picp,5,0.9641566265060241
data_elevator,mean_pcs_cqr_residual,picp,6,0.9740963855421687
data_elevator,mean_pcs_cqr_residual,picp,7,0.9710843373493976
data_elevator,mean_pcs_cqr_residual,picp,8,0.9689759036144578
data_elevator,mean_pcs_cqr_residual,picp,9,0.9722891566265061
data_elevator,mean_pcs_cqr_residual,niw,0,0.16778941075446924
data_elevator,mean_pcs_cqr_residual,niw,1,0.18513827137386044
data_elevator,mean_pcs_cqr_residual,niw,2,0.1877932920098401
data_elevator,mean_pcs_cqr_residual,niw,3,0.16463190937837566
data_elevator,mean_pcs_cqr_residual,niw,4,0.15708044892545883
data_elevator,mean_pcs_cqr_residual,niw,5,0.16155561598795642
data_elevator,mean_pcs_cqr_residual,niw,6,0.16192837953649913
data_elevator,mean_pcs_cqr_residual,niw,7,0.16415408611787338
data_elevator,mean_pcs_cqr_residual,niw,8,0.17670671555115933
data_elevator,mean_pcs_cqr_residual,niw,9,0.17107131786620763
data_elevator,mean_pcs_cqr_residual,mpiw,0,0.010402943466777092
data_elevator,mean_pcs_cqr_residual,mpiw,1,0.010367743196936187
data_elevator,mean_pcs_cqr_residual,mpiw,2,0.011267597520590405
data_elevator,mean_pcs_cqr_residual,mpiw,3,0.010865706018972793
data_elevator,mean_pcs_cqr_residual,mpiw,4,0.010367309629080284
data_elevator,mean_pcs_cqr_residual,mpiw,5,0.010016448191253299
data_elevator,mean_pcs_cqr_residual,mpiw,6,0.010687273049408943
data_elevator,mean_pcs_cqr_residual,mpiw,7,0.01017755333930815
data_elevator,mean_pcs_cqr_residual,mpiw,8,0.010425696217518399
data_elevator,mean_pcs_cqr_residual,mpiw,9,0.010606421707704873
data_elevator,mean_pcs_cqr_residual,crps,0,0.0013516949238796543
data_elevator,mean_pcs_cqr_residual,crps,1,0.0013775622777276923
data_elevator,mean_pcs_cqr_residual,crps,2,0.001444419248834499
data_elevator,mean_pcs_cqr_residual,crps,3,0.0013967697410803713
data_elevator,mean_pcs_cqr_residual,crps,4,0.0013790189767206615
data_elevator,mean_pcs_cqr_residual,crps,5,0.0013774371363704486
data_elevator,mean_pcs_cqr_residual,crps,6,0.0014001954879440813
data_elevator,mean_pcs_cqr_residual,crps,7,0.0013710999066511526
data_elevator,mean_pcs_cqr_residual,crps,8,0.0013784790501388201
data_elevator,mean_pcs_cqr_residual,crps,9,0.0013853017297662286
data_elevator,mean_pcs_cqr_residual,auc,0,0.5466890067805003
data_elevator,mean_pcs_cqr_residual,auc,1,0.3576175401633594
data_elevator,mean_pcs_cqr_residual,auc,2,0.453951233737204
data_elevator,mean_pcs_cqr_residual,auc,3,0.35339656208837505
data_elevator,mean_pcs_cqr_residual,auc,4,0.3756500178811431
data_elevator,mean_pcs_cqr_residual,auc,5,0.46339867021434933
data_elevator,mean_pcs_cqr_residual,auc,6,0.3264037664016827
data_elevator,mean_pcs_cqr_residual,auc,7,0.4162093824338323
data_elevator,mean_pcs_cqr_residual,auc,8,0.4248505439520498
data_elevator,mean_pcs_cqr_residual,auc,9,0.3197430796888513
data_elevator,mean_pcs_cqr_residual,nciw,0,0.13807140058290063
data_elevator,mean_pcs_cqr_residual,nciw,1,0.1573780820224766
data_elevator,mean_pcs_cqr_residual,nciw,2,0.14800484418942195
data_elevator,mean_pcs_cqr_residual,nciw,3,0.13081063271101478
data_elevator,mean_pcs_cqr_residual,nciw,4,0.13380756388409176
data_elevator,mean_pcs_cqr_residual,nciw,5,0.14319720891325188
data_elevator,mean_pcs_cqr_residual,nciw,6,0.13252633604098774
data_elevator,mean_pcs_cqr_residual,nciw,7,0.13799874711512822
data_elevator,mean_pcs_cqr_residual,nciw,8,0.14778415420438515
data_elevator,mean_pcs_cqr_residual,nciw,9,0.14268435005385646
data_elevator,mean_pcs_cqr_residual,quantileloss,0,0.0001532087327349826
data_elevator,mean_pcs_cqr_residual,quantileloss,1,0.00015774432855753594
data_elevator,mean_pcs_cqr_residual,quantileloss,2,0.0001681272139390523
data_elevator,mean_pcs_cqr_residual,quantileloss,3,0.0001621176073157193
data_elevator,mean_pcs_cqr_residual,quantileloss,4,0.00016106816004910748
data_elevator,mean_pcs_cqr_residual,quantileloss,5,0.00016001060352133488
data_elevator,mean_pcs_cqr_residual,quantileloss,6,0.00016004711743247978
data_elevator,mean_pcs_cqr_residual,quantileloss,7,0.00015983497003551337
data_elevator,mean_pcs_cqr_residual,quantileloss,8,0.00015990130662574557
data_elevator,mean_pcs_cqr_residual,quantileloss,9,0.00015661238080339181
data_elevator,mean_pcs_cqr_residual,expectileloss,0,1.0132344546842052e-06
data_elevator,mean_pcs_cqr_residual,expectileloss,1,1.0481576767955255e-06
data_elevator,mean_pcs_cqr_residual,expectileloss,2,1.2131464625807311e-06
data_elevator,mean_pcs_cqr_residual,expectileloss,3,1.1637223752043697e-06
data_elevator,mean_pcs_cqr_residual,expectileloss,4,1.1247459754178117e-06
data_elevator,mean_pcs_cqr_residual,expectileloss,5,1.0226148842275526e-06
data_elevator,mean_pcs_cqr_residual,expectileloss,6,1.1354806722676533e-06
data_elevator,mean_pcs_cqr_residual,expectileloss,7,1.0720215596473386e-06
data_elevator,mean_pcs_cqr_residual,expectileloss,8,1.050598782808145e-06
data_elevator,mean_pcs_cqr_residual,expectileloss,9,1.0437712878814384e-06
data_elevator,mean_pcs_cqr_residual,intervalscoreloss,0,0.012256698618798599
data_elevator,mean_pcs_cqr_residual,intervalscoreloss,1,0.012619546284602864
data_elevator,mean_pcs_cqr_residual,intervalscoreloss,2,0.013450177115124173
data_elevator,mean_pcs_cqr_residual,intervalscoreloss,3,0.012969408585257532
data_elevator,mean_pcs_cqr_residual,intervalscoreloss,4,0.012885452803928589
data_elevator,mean_pcs_cqr_residual,intervalscoreloss,5,0.01280084828170678
data_elevator,mean_pcs_cqr_residual,intervalscoreloss,6,0.012803769394598371
data_elevator,mean_pcs_cqr_residual,intervalscoreloss,7,0.012786797602841059
data_elevator,mean_pcs_cqr_residual,intervalscoreloss,8,0.012792104530059637
data_elevator,mean_pcs_cqr_residual,intervalscoreloss,9,0.012528990464271333
data_elevator,gamma_1,picp,0,0.9478915662650602
data_elevator,gamma_1,picp,1,0.9542168674698795
data_elevator,gamma_1,picp,2,0.9524096385542169
data_elevator,gamma_1,picp,3,0.9460843373493976
data_elevator,gamma_1,picp,4,0.946987951807229
data_elevator,gamma_1,picp,5,0.9481927710843373
data_elevator,gamma_1,picp,6,0.9406626506024096
data_elevator,gamma_1,picp,7,0.9457831325301205
data_elevator,gamma_1,picp,8,0.947289156626506
data_elevator,gamma_1,picp,9,0.9496987951807229
data_elevator,gamma_1,niw,0,0.16635242472015274
data_elevator,gamma_1,niw,1,0.19702988933524726
data_elevator,gamma_1,niw,2,0.18215462922281578
data_elevator,gamma_1,niw,3,0.15623423708977138
data_elevator,gamma_1,niw,4,0.16021128006486515
data_elevator,gamma_1,niw,5,0.17394669741521235
data_elevator,gamma_1,niw,6,0.15895663776016614
data_elevator,gamma_1,niw,7,0.1701627719656935
data_elevator,gamma_1,niw,8,0.17796435768799176
data_elevator,gamma_1,niw,9,0.1737881454846593
data_elevator,gamma_1,mpiw,0,0.01031385033264947
data_elevator,gamma_1,mpiw,1,0.011033673802773848
data_elevator,gamma_1,mpiw,2,0.010929277753368946
data_elevator,gamma_1,mpiw,3,0.010311459647924912
data_elevator,gamma_1,mpiw,4,0.0105739444842811
data_elevator,gamma_1,mpiw,5,0.010784695239743165
data_elevator,gamma_1,mpiw,6,0.010491138092170966
data_elevator,gamma_1,mpiw,7,0.010550091861872996
data_elevator,gamma_1,mpiw,8,0.010499897103591513
data_elevator,gamma_1,mpiw,9,0.010774865020048876
data_elevator,gamma_1,crps,0,0.001789564366181681
data_elevator,gamma_1,crps,1,0.001806418226244949
data_elevator,gamma_1,crps,2,0.0018362418173384766
data_elevator,gamma_1,crps,3,0.0017827874419244422
data_elevator,gamma_1,crps,4,0.0018170393986523315
data_elevator,gamma_1,crps,5,0.001847149897845585
data_elevator,gamma_1,crps,6,0.0018462344853702843
data_elevator,gamma_1,crps,7,0.0018412822585924951
data_elevator,gamma_1,crps,8,0.0017777152001621907
data_elevator,gamma_1,crps,9,0.001831478836493984
data_elevator,gamma_1,auc,0,0.6102669017371937
data_elevator,gamma_1,auc,1,0.388032718993708
data_elevator,gamma_1,auc,2,0.39499079335640885
data_elevator,gamma_1,auc,3,0.5638636452631574
data_elevator,gamma_1,auc,4,0.5638642650372228
data_elevator,gamma_1,auc,5,0.4867027991436734
data_elevator,gamma_1,auc,6,0.5784488193631995
data_elevator,gamma_1,auc,7,0.7278275798703272
data_elevator,gamma_1,auc,8,0.49323289509612017
data_elevator,gamma_1,auc,9,0.3511064101040011
data_elevator,gamma_1,nciw,0,0.16764807091897335
data_elevator,gamma_1,nciw,1,0.1932646821406322
data_elevator,gamma_1,nciw,2,0.17942798990425357
data_elevator,gamma_1,nciw,3,0.15932002209131244
data_elevator,gamma_1,nciw,4,0.162603172342289
data_elevator,gamma_1,nciw,5,0.17515497622979403
data_elevator,gamma_1,nciw,6,0.16542730167285796
data_elevator,gamma_1,nciw,7,0.17419220226842147
data_elevator,gamma_1,nciw,8,0.18052724244048
data_elevator,gamma_1,nciw,9,0.1738883102292513
data_elevator,gamma_1,lambda,0,0.2565723916347395
data_elevator,gamma_1,lambda,1,0.46288967177514256
data_elevator,gamma_1,lambda,2,0.4510461185001611
data_elevator,gamma_1,lambda,3,0.283329323601913
data_elevator,gamma_1,lambda,4,0.31779587705409934
data_elevator,gamma_1,lambda,5,0.35810858669968393
data_elevator,gamma_1,lambda,6,0.31424437085682394
data_elevator,gamma_1,lambda,7,0.31640747262234903
data_elevator,gamma_1,lambda,8,0.33350905730436087
data_elevator,gamma_1,lambda,9,0.4216466921873913
data_elevator,gamma_1,quantileloss,0,0.00016864582638210764
data_elevator,gamma_1,quantileloss,1,0.00016439662668813398
data_elevator,gamma_1,quantileloss,2,0.00017088145908061668
data_elevator,gamma_1,quantileloss,3,0.0001674258205902286
data_elevator,gamma_1,quantileloss,4,0.00017195271540218217
data_elevator,gamma_1,quantileloss,5,0.0001689910968711109
data_elevator,gamma_1,quantileloss,6,0.0001725102487207119
data_elevator,gamma_1,quantileloss,7,0.00017183392110204452
data_elevator,gamma_1,quantileloss,8,0.00016420501246624253
data_elevator,gamma_1,quantileloss,9,0.00016790357006305374
data_elevator,gamma_1,expectileloss,0,1.3001517230258942e-06
data_elevator,gamma_1,expectileloss,1,1.3429315878687714e-06
data_elevator,gamma_1,expectileloss,2,1.3664691830774689e-06
data_elevator,gamma_1,expectileloss,3,1.3538993454524985e-06
data_elevator,gamma_1,expectileloss,4,1.4155364191650883e-06
data_elevator,gamma_1,expectileloss,5,1.3518793570491865e-06
data_elevator,gamma_1,expectileloss,6,1.44776543957727e-06
data_elevator,gamma_1,expectileloss,7,1.3595895884947598e-06
data_elevator,gamma_1,expectileloss,8,1.2451873858455786e-06
data_elevator,gamma_1,expectileloss,9,1.335151864491555e-06
data_elevator,gamma_1,intervalscoreloss,0,0.013491666110568599
data_elevator,gamma_1,intervalscoreloss,1,0.013151730135050709
data_elevator,gamma_1,intervalscoreloss,2,0.013670516726449323
data_elevator,gamma_1,intervalscoreloss,3,0.013394065647218274
data_elevator,gamma_1,intervalscoreloss,4,0.01375621723217456
data_elevator,gamma_1,intervalscoreloss,5,0.013519287749688861
data_elevator,gamma_1,intervalscoreloss,6,0.013800819897656937
data_elevator,gamma_1,intervalscoreloss,7,0.013746713688163551
data_elevator,gamma_1,intervalscoreloss,8,0.013136400997299392
data_elevator,gamma_1,intervalscoreloss,9,0.013432285605044288
data_elevator,gamma_1_r,picp,0,0.9554216867469879
data_elevator,gamma_1_r,picp,1,0.9451807228915663
data_elevator,gamma_1_r,picp,2,0.9542168674698795
data_elevator,gamma_1_r,picp,3,0.9496987951807229
data_elevator,gamma_1_r,picp,4,0.9481927710843373
data_elevator,gamma_1_r,picp,5,0.9460843373493976
data_elevator,gamma_1_r,picp,6,0.9484939759036145
data_elevator,gamma_1_r,picp,7,0.9524096385542169
data_elevator,gamma_1_r,picp,8,0.936144578313253
data_elevator,gamma_1_r,picp,9,0.9602409638554217
data_elevator,gamma_1_r,niw,0,0.13688445997490017
data_elevator,gamma_1_r,niw,1,0.1480477583401385
data_elevator,gamma_1_r,niw,2,0.14628881619688636
data_elevator,gamma_1_r,niw,3,0.12709306101015785
data_elevator,gamma_1_r,niw,4,0.12741240481569258
data_elevator,gamma_1_r,niw,5,0.13452612169201145
data_elevator,gamma_1_r,niw,6,0.12844974236726198
data_elevator,gamma_1_r,niw,7,0.1382460277358368
data_elevator,gamma_1_r,niw,8,0.1351519455126223
data_elevator,gamma_1_r,niw,9,0.14505775335835497
data_elevator,gamma_1_r,mpiw,0,0.008486836518443812
data_elevator,gamma_1_r,mpiw,1,0.008290674467047758
data_elevator,gamma_1_r,mpiw,2,0.008777328971813181
data_elevator,gamma_1_r,mpiw,3,0.008388142026670419
data_elevator,gamma_1_r,mpiw,4,0.00840921871783571
data_elevator,gamma_1_r,mpiw,5,0.00834061954490471
data_elevator,gamma_1_r,mpiw,6,0.008477682996239291
data_elevator,gamma_1_r,mpiw,7,0.008571253719621882
data_elevator,gamma_1_r,mpiw,8,0.007973964785244715
data_elevator,gamma_1_r,mpiw,9,0.008993580708218008
data_elevator,gamma_1_r,crps,0,0.001299984089440611
data_elevator,gamma_1_r,crps,1,0.0013235893899994924
data_elevator,gamma_1_r,crps,2,0.0013604831916061626
data_elevator,gamma_1_r,crps,3,0.001317934917813483
data_elevator,gamma_1_r,crps,4,0.0013173087191687834
data_elevator,gamma_1_r,crps,5,0.0013346468256427734
data_elevator,gamma_1_r,crps,6,0.0013392430575848476
data_elevator,gamma_1_r,crps,7,0.0013411043868922683
data_elevator,gamma_1_r,crps,8,0.0013087213896452855
data_elevator,gamma_1_r,crps,9,0.0013416564212763576
data_elevator,gamma_1_r,auc,0,0.38782987163998134
data_elevator,gamma_1_r,auc,1,0.2782813595648771
data_elevator,gamma_1_r,auc,2,0.30546182805537664
data_elevator,gamma_1_r,auc,3,0.2795598194894646
data_elevator,gamma_1_r,auc,4,0.23323428360316964
data_elevator,gamma_1_r,auc,5,0.28140598541501943
data_elevator,gamma_1_r,auc,6,0.2805891291676194
data_elevator,gamma_1_r,auc,7,0.31136754151819807
data_elevator,gamma_1_r,auc,8,0.3223041152254291
data_elevator,gamma_1_r,auc,9,0.2377816855120391
data_elevator,gamma_1_r,nciw,0,0.13300260467049504
data_elevator,gamma_1_r,nciw,1,0.15140558168675902
data_elevator,gamma_1_r,nciw,2,0.14400906851475712
data_elevator,gamma_1_r,nciw,3,0.1271656987749129
data_elevator,gamma_1_r,nciw,4,0.12880496366673472
data_elevator,gamma_1_r,nciw,5,0.13750565473534387
data_elevator,gamma_1_r,nciw,6,0.12926404213359033
data_elevator,gamma_1_r,nciw,7,0.1358668641943693
data_elevator,gamma_1_r,nciw,8,0.14564121782489792
data_elevator,gamma_1_r,nciw,9,0.13669278808370244
data_elevator,gamma_1_r,lambda,0,0.7805833820028801
data_elevator,gamma_1_r,lambda,1,0.7305418758828826
data_elevator,gamma_1_r,lambda,2,0.8597040593133056
data_elevator,gamma_1_r,lambda,3,0.7638156903974741
data_elevator,gamma_1_r,lambda,4,0.7496178977973261
data_elevator,gamma_1_r,lambda,5,0.7512972396841751
data_elevator,gamma_1_r,lambda,6,0.7809487593617132
data_elevator,gamma_1_r,lambda,7,0.7934281355047764
data_elevator,gamma_1_r,lambda,8,0.64763862523473
data_elevator,gamma_1_r,lambda,9,0.9351777310891636
data_elevator,gamma_1_r,quantileloss,0,0.00013991124529644483
data_elevator,gamma_1_r,quantileloss,1,0.00014365618753973982
data_elevator,gamma_1_r,quantileloss,2,0.00014595804127880304
data_elevator,gamma_1_r,quantileloss,3,0.00014356010836754886
data_elevator,gamma_1_r,quantileloss,4,0.00014425459996167224
data_elevator,gamma_1_r,quantileloss,5,0.00014545281329072596
data_elevator,gamma_1_r,quantileloss,6,0.00014367788041888275
data_elevator,gamma_1_r,quantileloss,7,0.00014698857790360198
data_elevator,gamma_1_r,quantileloss,8,0.00014340653660748024
data_elevator,gamma_1_r,quantileloss,9,0.00014164344879785717
data_elevator,gamma_1_r,expectileloss,0,7.687632082673743e-07
data_elevator,gamma_1_r,expectileloss,1,7.719935682305378e-07
data_elevator,gamma_1_r,expectileloss,2,8.497934866913269e-07
data_elevator,gamma_1_r,expectileloss,3,8.288516951641847e-07
data_elevator,gamma_1_r,expectileloss,4,8.375119056986229e-07
data_elevator,gamma_1_r,expectileloss,5,7.870812716582306e-07
data_elevator,gamma_1_r,expectileloss,6,8.512550013284497e-07
data_elevator,gamma_1_r,expectileloss,7,8.590266848917443e-07
data_elevator,gamma_1_r,expectileloss,8,7.265806285015592e-07
data_elevator,gamma_1_r,expectileloss,9,8.176788176999753e-07
data_elevator,gamma_1_r,intervalscoreloss,0,0.011192899623715575
data_elevator,gamma_1_r,intervalscoreloss,1,0.011492495003179176
data_elevator,gamma_1_r,intervalscoreloss,2,0.011676643302304234
data_elevator,gamma_1_r,intervalscoreloss,3,0.011484808669403898
data_elevator,gamma_1_r,intervalscoreloss,4,0.01154036799693377
data_elevator,gamma_1_r,intervalscoreloss,5,0.011636225063258067
data_elevator,gamma_1_r,intervalscoreloss,6,0.01149423043351061
data_elevator,gamma_1_r,intervalscoreloss,7,0.011759086232288149
data_elevator,gamma_1_r,intervalscoreloss,8,0.011472522928598407
data_elevator,gamma_1_r,intervalscoreloss,9,0.011331475903828563
data_elevator,lambda_one,picp,0,0.9521084337349398
data_elevator,lambda_one,picp,1,0.9557228915662651
data_elevator,lambda_one,picp,2,0.9521084337349398
data_elevator,lambda_one,picp,3,0.9539156626506025
data_elevator,lambda_one,picp,4,0.9496987951807229
data_elevator,lambda_one,picp,5,0.9490963855421687
data_elevator,lambda_one,picp,6,0.9409638554216867
data_elevator,lambda_one,picp,7,0.9457831325301205
data_elevator,lambda_one,picp,8,0.9496987951807229
data_elevator,lambda_one,picp,9,0.952710843373494
data_elevator,lambda_one,niw,0,0.16193897946574037
data_elevator,lambda_one,niw,1,0.19040928190802434
data_elevator,lambda_one,niw,2,0.1775710453430225
data_elevator,lambda_one,niw,3,0.15350869805588638
data_elevator,lambda_one,niw,4,0.15537417344629462
data_elevator,lambda_one,niw,5,0.16821079470051736
data_elevator,lambda_one,niw,6,0.15408485658574955
data_elevator,lambda_one,niw,7,0.16259872724875102
data_elevator,lambda_one,niw,8,0.1730550223216702
data_elevator,lambda_one,niw,9,0.16970855016754913
data_elevator,lambda_one,mpiw,0,0.010040216726875903
data_elevator,lambda_one,mpiw,1,0.010662919786849365
data_elevator,lambda_one,mpiw,2,0.010654262720581351
data_elevator,lambda_one,mpiw,3,0.010131574071688501
data_elevator,lambda_one,mpiw,4,0.010254695447455445
data_elevator,lambda_one,mpiw,5,0.010429069271432076
data_elevator,lambda_one,mpiw,6,0.01016960053465947
data_elevator,lambda_one,mpiw,7,0.010081121089422563
data_elevator,lambda_one,mpiw,8,0.010210246316978542
data_elevator,lambda_one,mpiw,9,0.010521930110388046
data_elevator,lambda_one,crps,0,0.0016321617449980988
data_elevator,lambda_one,crps,1,0.0016878208901132152
data_elevator,lambda_one,crps,2,0.0017222732519041818
data_elevator,lambda_one,crps,3,0.0016459503267833896
data_elevator,lambda_one,crps,4,0.0016746641612526742
data_elevator,lambda_one,crps,5,0.0017053604134648886
data_elevator,lambda_one,crps,6,0.001696200108536895
data_elevator,lambda_one,crps,7,0.001681805931877196
data_elevator,lambda_one,crps,8,0.0016478282688585904
data_elevator,lambda_one,crps,9,0.0017082465452804673
data_elevator,lambda_one,auc,0,0.3723388383411893
data_elevator,lambda_one,auc,1,0.3615212111052778
data_elevator,lambda_one,auc,2,0.35301319329843855
data_elevator,lambda_one,auc,3,0.3693770001129046
data_elevator,lambda_one,auc,4,0.38267592452039223
data_elevator,lambda_one,auc,5,0.39152209347403855
data_elevator,lambda_one,auc,6,0.4583181223928588
data_elevator,lambda_one,auc,7,0.42840989434348115
data_elevator,lambda_one,auc,8,0.39346125820396033
data_elevator,lambda_one,auc,9,0.30391324172332773
data_elevator,lambda_one,nciw,0,0.16040367866581864
data_elevator,lambda_one,nciw,1,0.18586498532096463
data_elevator,lambda_one,nciw,2,0.17528697380903724
data_elevator,lambda_one,nciw,3,0.1502447567370052
data_elevator,lambda_one,nciw,4,0.15562245518477164
data_elevator,lambda_one,nciw,5,0.1692061325081216
data_elevator,lambda_one,nciw,6,0.16107191228200962
data_elevator,lambda_one,nciw,7,0.16604022945786448
data_elevator,lambda_one,nciw,8,0.17321119390767672
data_elevator,lambda_one,nciw,9,0.16701104319861643
data_elevator,lambda_one,gamma,0,0.7649076962020989
data_elevator,lambda_one,gamma,1,0.8174477769541607
data_elevator,lambda_one,gamma,2,0.8228497523841601
data_elevator,lambda_one,gamma,3,0.7810278810325451
data_elevator,lambda_one,gamma,4,0.7807257922506161
data_elevator,lambda_one,gamma,5,0.7867301758519931
data_elevator,lambda_one,gamma,6,0.7809178106841692
data_elevator,lambda_one,gamma,7,0.7695848714845969
data_elevator,lambda_one,gamma,8,0.7865682907226065
data_elevator,lambda_one,gamma,9,0.8161708605595989
data_elevator,lambda_one,quantileloss,0,0.000159096746234282
data_elevator,lambda_one,quantileloss,1,0.00015936735888658643
data_elevator,lambda_one,quantileloss,2,0.00016737949947371288
data_elevator,lambda_one,quantileloss,3,0.00016035665892178823
data_elevator,lambda_one,quantileloss,4,0.00016673147883979365
data_elevator,lambda_one,quantileloss,5,0.0001647503771679134
data_elevator,lambda_one,quantileloss,6,0.0001670615174390307
data_elevator,lambda_one,quantileloss,7,0.00016529705480353716
data_elevator,lambda_one,quantileloss,8,0.0001608595840482592
data_elevator,lambda_one,quantileloss,9,0.00016203699729018447
data_elevator,lambda_one,expectileloss,0,1.1707059196035877e-06
data_elevator,lambda_one,expectileloss,1,1.241075982091001e-06
data_elevator,lambda_one,expectileloss,2,1.2911356586945905e-06
data_elevator,lambda_one,expectileloss,3,1.2557240825739948e-06
data_elevator,lambda_one,expectileloss,4,1.3048029992177903e-06
data_elevator,lambda_one,expectileloss,5,1.2441404160620754e-06
data_elevator,lambda_one,expectileloss,6,1.3148038557199151e-06
data_elevator,lambda_one,expectileloss,7,1.231753365875013e-06
data_elevator,lambda_one,expectileloss,8,1.1686741125279953e-06
data_elevator,lambda_one,expectileloss,9,1.2410625437275598e-06
data_elevator,lambda_one,intervalscoreloss,0,0.012727739698742548
data_elevator,lambda_one,intervalscoreloss,1,0.012749388710926903
data_elevator,lambda_one,intervalscoreloss,2,0.013390359957897018
data_elevator,lambda_one,intervalscoreloss,3,0.01282853271374305
data_elevator,lambda_one,intervalscoreloss,4,0.013338518307183477
data_elevator,lambda_one,intervalscoreloss,5,0.01318003017343306
data_elevator,lambda_one,intervalscoreloss,6,0.013364921395122444
data_elevator,lambda_one,intervalscoreloss,7,0.013223764384282962
data_elevator,lambda_one,intervalscoreloss,8,0.012868766723860725
data_elevator,lambda_one,intervalscoreloss,9,0.012962959783214746
data_elevator,lambda_one_r,picp,0,0.9563253012048193
data_elevator,lambda_one_r,picp,1,0.9481927710843373
data_elevator,lambda_one_r,picp,2,0.9548192771084337
data_elevator,lambda_one_r,picp,3,0.9493975903614458
data_elevator,lambda_one_r,picp,4,0.9506024096385542
data_elevator,lambda_one_r,picp,5,0.9466867469879519
data_elevator,lambda_one_r,picp,6,0.95
data_elevator,lambda_one_r,picp,7,0.9533132530120482
data_elevator,lambda_one_r,picp,8,0.9400602409638554
data_elevator,lambda_one_r,picp,9,0.9593373493975904
data_elevator,lambda_one_r,niw,0,0.13752285540266615
data_elevator,lambda_one_r,niw,1,0.1494490351128633
data_elevator,lambda_one_r,niw,2,0.14716052388736406
data_elevator,lambda_one_r,niw,3,0.12678145130473123
data_elevator,lambda_one_r,niw,4,0.12887950074786061
data_elevator,lambda_one_r,niw,5,0.13613451512090916
data_elevator,lambda_one_r,niw,6,0.1295820781372826
data_elevator,lambda_one_r,niw,7,0.13816204710532212
data_elevator,lambda_one_r,niw,8,0.13810689913553778
data_elevator,lambda_one_r,niw,9,0.14301662021794623
data_elevator,lambda_one_r,mpiw,0,0.008526417034965301
data_elevator,lambda_one_r,mpiw,1,0.008369145966320346
data_elevator,lambda_one_r,mpiw,2,0.008829631433241843
data_elevator,lambda_one_r,mpiw,3,0.00836757578611226
data_elevator,lambda_one_r,mpiw,4,0.008506047049358801
data_elevator,lambda_one_r,mpiw,5,0.008440339937496367
data_elevator,lambda_one_r,mpiw,6,0.00855241715706065
data_elevator,lambda_one_r,mpiw,7,0.00856604692052997
data_elevator,lambda_one_r,mpiw,8,0.008148307048996729
data_elevator,lambda_one_r,mpiw,9,0.008867030453512666
data_elevator,lambda_one_r,crps,0,0.001295804854829478
data_elevator,lambda_one_r,crps,1,0.0013189857947370032
data_elevator,lambda_one_r,crps,2,0.0013594868273867117
data_elevator,lambda_one_r,crps,3,0.0013117599635785774
data_elevator,lambda_one_r,crps,4,0.0013162302363133513
data_elevator,lambda_one_r,crps,5,0.0013329075996825546
data_elevator,lambda_one_r,crps,6,0.0013361461555701187
data_elevator,lambda_one_r,crps,7,0.001334889940160815
data_elevator,lambda_one_r,crps,8,0.0013056211096784923
data_elevator,lambda_one_r,crps,9,0.0013355167653923453
data_elevator,lambda_one_r,auc,0,0.41339640018430557
data_elevator,lambda_one_r,auc,1,0.28331795789450703
data_elevator,lambda_one_r,auc,2,0.3175446247508886
data_elevator,lambda_one_r,auc,3,0.2817984288256455
data_elevator,lambda_one_r,auc,4,0.24973893749611245
data_elevator,lambda_one_r,auc,5,0.3086411708508876
data_elevator,lambda_one_r,auc,6,0.27627574942999694
data_elevator,lambda_one_r,auc,7,0.3211381509414542
data_elevator,lambda_one_r,auc,8,0.34013101108744986
data_elevator,lambda_one_r,auc,9,0.23624808929358748
data_elevator,lambda_one_r,nciw,0,0.13258254836652433
data_elevator,lambda_one_r,nciw,1,0.1515998258456403
data_elevator,lambda_one_r,nciw,2,0.1437133605044912
data_elevator,lambda_one_r,nciw,3,0.12738034965174896
data_elevator,lambda_one_r,nciw,4,0.12835852707651557
data_elevator,lambda_one_r,nciw,5,0.1393692349230846
data_elevator,lambda_one_r,nciw,6,0.12953396931960925
data_elevator,lambda_one_r,nciw,7,0.13601892429768989
data_elevator,lambda_one_r,nciw,8,0.14431925124160155
data_elevator,lambda_one_r,nciw,9,0.13683119305829125
data_elevator,lambda_one_r,gamma,0,0.9151624518774848
data_elevator,lambda_one_r,gamma,1,0.8999761406752231
data_elevator,lambda_one_r,gamma,2,0.9501118874530247
data_elevator,lambda_one_r,gamma,3,0.9031404423579661
data_elevator,lambda_one_r,gamma,4,0.9098241771593563
data_elevator,lambda_one_r,gamma,5,0.9077371988961359
data_elevator,lambda_one_r,gamma,6,0.9209697283192427
data_elevator,lambda_one_r,gamma,7,0.916975973217222
data_elevator,lambda_one_r,gamma,8,0.8775259321132067
data_elevator,lambda_one_r,gamma,9,0.9605864658669749
data_elevator,lambda_one_r,quantileloss,0,0.00014037535210599465
data_elevator,lambda_one_r,quantileloss,1,0.00014455186742751806
data_elevator,lambda_one_r,quantileloss,2,0.00014657621979408778
data_elevator,lambda_one_r,quantileloss,3,0.0001445695546102317
data_elevator,lambda_one_r,quantileloss,4,0.00014520370909014549
data_elevator,lambda_one_r,quantileloss,5,0.00014643869690811204
data_elevator,lambda_one_r,quantileloss,6,0.00014430654059035023
data_elevator,lambda_one_r,quantileloss,7,0.0001476656527790994
data_elevator,lambda_one_r,quantileloss,8,0.0001441457399563062
data_elevator,lambda_one_r,quantileloss,9,0.00014188300446770502
data_elevator,lambda_one_r,expectileloss,0,7.774016639892569e-07
data_elevator,lambda_one_r,expectileloss,1,7.87245327426255e-07
data_elevator,lambda_one_r,expectileloss,2,8.604956993199717e-07
data_elevator,lambda_one_r,expectileloss,3,8.381907969704369e-07
data_elevator,lambda_one_r,expectileloss,4,8.572128735000046e-07
data_elevator,lambda_one_r,expectileloss,5,8.062222166868143e-07
data_elevator,lambda_one_r,expectileloss,6,8.625757624260461e-07
data_elevator,lambda_one_r,expectileloss,7,8.658208447433094e-07
data_elevator,lambda_one_r,expectileloss,8,7.547277250966205e-07
data_elevator,lambda_one_r,expectileloss,9,8.09104665675922e-07
data_elevator,lambda_one_r,intervalscoreloss,0,0.011230028168479561
data_elevator,lambda_one_r,intervalscoreloss,1,0.011564149394201433
data_elevator,lambda_one_r,intervalscoreloss,2,0.01172609758352701
data_elevator,lambda_one_r,intervalscoreloss,3,0.011565564368818525
data_elevator,lambda_one_r,intervalscoreloss,4,0.01161629672721163
data_elevator,lambda_one_r,intervalscoreloss,5,0.011715095752648954
data_elevator,lambda_one_r,intervalscoreloss,6,0.011544523247228006
data_elevator,lambda_one_r,intervalscoreloss,7,0.011813252222327942
data_elevator,lambda_one_r,intervalscoreloss,8,0.011531659196504484
data_elevator,lambda_one_r,intervalscoreloss,9,0.011350640357416395
