PICP,NIW,MPIW,QuantileLoss,ExpectileLoss,CRPS,IntervalScoreLoss,AUC,NCIW,c_test_cal,method,lambda,gamma,run,dataset,c_multiplier
0.9522413070800168,0.0010131455658724644,0.0017851624870672822,2.4076460605892326e-05,3.172473295794894e-08,0.0003063888943614862,0.0019261168484713846,0.0010565604259325178,0.001010753455346459,0.9976389271131583,CLEAR,0.0,0.9525694630872115,run_0,naval_propulsion,
0.9522413070800168,0.0041331162953180565,0.007282550912350416,0.00010130130293438462,5.316551475341147e-07,0.000908550868120439,0.008104104234750761,0.009971693074260225,0.00406682653800924,0.9839613133112397,DE_calibrated,,,run_0,naval_propulsion,1.198119123190034
0.9522413070800168,0.004138524784673762,0.007292080670595169,0.00010130664810950306,5.324308217959236e-07,0.0009087986342167527,0.008104531848760237,0.009895933915200737,0.00406269564232208,0.9816772530558471,DE_conformal,,,run_0,naval_propulsion,
0.9991621281943862,0.003679686941620846,0.006483608391135931,8.108274331749442e-05,3.0492078872070217e-07,0.0006468545364208902,0.006486619465399547,0.0031861159316892247,0.0018320033972347254,0.49786936397033704,SQR_uncalibrated,,,run_0,naval_propulsion,
0.9472140762463344,0.0016346913957957783,0.0028803262393921614,4.8110422224530565e-05,1.0401850917409557e-07,0.00044173142046668377,0.0038488337779624417,0.0021053345058875223,0.0016460128417568522,1.0069257390050448,SQR_conformal,,,run_0,naval_propulsion,
0.9581064097193129,0.0019602809109790526,0.0034579355269670486,4.539772925120463e-05,1.5760374546439867e-07,0.0007526434467443018,0.0036318183400963675,0.0013991033044829777,0.001940689146437405,0.9900056341762453,CLEAR,0.0,0.9686744219682988,run_1,naval_propulsion,
0.9530791788856305,0.006272621207834642,0.011064903810620308,0.0001445378329234987,1.2795852242340714e-06,0.001863956392814243,0.011563026633879887,0.00582349999458327,0.006180078112239154,0.9852465034107433,DE_calibrated,,,run_1,naval_propulsion,1.4363160053799822
0.9530791788856305,0.006271252733847451,0.011062489822506905,0.00014453612384708234,1.2792660326747437e-06,0.0018639881250317146,0.011562889907766577,0.005825180004655601,0.006181804018254076,0.9857367069404492,DE_conformal,,,run_1,naval_propulsion,
1.0,0.0038157589944784872,0.006730998866260052,8.413748106336721e-05,3.266079779036514e-07,0.0006582251377395806,0.006730998485069371,0.0028257047853394402,0.001697555945213539,0.44488028401949686,SQR_uncalibrated,,,run_1,naval_propulsion,
0.9522413070800168,0.0017049931973860918,0.003007608000189066,4.3740238468418296e-05,1.0318376905226073e-07,0.0004447130410068004,0.003499219077473461,0.00216592190695573,0.001695020225526813,0.9941507263052027,SQR_conformal,,,run_1,naval_propulsion,
0.9614578969417679,0.0011494520221691149,0.0020276333671063185,2.729722863405773e-05,4.046566779499132e-08,0.00033954815513559004,0.0021837782907246166,0.0012571771050587965,0.001122558287080478,0.9766029946705508,CLEAR,0.0,0.9426710584556308,run_2,naval_propulsion,
0.9593632174277336,0.005411667339588239,0.009546181187033653,0.00012663932457085566,8.845990290881484e-07,0.001109695433483776,0.010131145965668444,0.01663532915520716,0.0051856516099514334,0.958235472460877,DE_calibrated,,,run_2,naval_propulsion,1.1494762434198347
0.9602010892333473,0.005419153293548257,0.009559386409819126,0.00012667173523944332,8.860828207073146e-07,0.0011101368756048899,0.010133738819155457,0.016101142058113877,0.0051686661686981316,0.953777442474576,DE_conformal,,,run_2,naval_propulsion,
1.0,0.0038558613010544894,0.00680173933506012,8.502173581627638e-05,3.266343283534592e-07,0.0006731887043125138,0.006801738865302105,0.003161853091187318,0.0018402967416759875,0.477272546388717,SQR_uncalibrated,,,run_2,naval_propulsion,
0.9560117302052786,0.0017162981546587413,0.00302754994481802,4.691095687417775e-05,1.0213551939794013e-07,0.00046073896628890797,0.0037528765499342176,0.0021245167780667594,0.0016834425205120983,0.9808566862013693,SQR_conformal,,,run_2,naval_propulsion,
0.9522413070800168,0.0016304878623817456,0.002869658637791872,3.7673654096379656e-05,9.375773173458203e-08,0.0005794922086557606,0.0030138923277103703,0.0012438265474949385,0.0016261721607895962,0.9973531225274838,CLEAR,0.0,0.9653476321517359,run_3,naval_propulsion,
0.948051948051948,0.006074054082008925,0.010690335184335709,0.00015521920018700275,1.0130095379813784e-06,0.0015627349835744832,0.01241753601496021,0.013206328599486245,0.006114753044342436,1.0067004609745012,DE_calibrated,,,run_3,naval_propulsion,1.2316859857363551
0.9484708839547549,0.006079437232322313,0.010699809528887272,0.00015521538558025528,1.01408239473793e-06,0.0015629055003972563,0.012417230846420413,0.013183480120474909,0.00611257494166624,1.0054507856693946,DE_conformal,,,run_3,naval_propulsion,
1.0,0.003717307646928186,0.006542461458593607,8.178077137568261e-05,2.9594314945839324e-07,0.0006233333214406933,0.006542461710054604,0.0027523679293454486,0.0014948943661399906,0.40214437655578583,SQR_uncalibrated,,,run_3,naval_propulsion,
0.9622957687473817,0.0016040523240173404,0.0028231320902705193,4.1038138165314804e-05,8.173114859640713e-08,0.0003968655100744921,0.0032830510532251807,0.002055125760100045,0.0015047288714705375,0.9380796679387317,SQR_conformal,,,run_3,naval_propulsion,
0.954754922496858,0.0013146122739532702,0.002311088377609849,3.0500110243472496e-05,6.236073573717889e-08,0.00043587697866172124,0.0024400088194777977,0.00108131706326791,0.0013037866043412965,0.9917651235832304,CLEAR,0.0,0.9616096262231375,run_4,naval_propulsion,
0.9555927943024717,0.00418294660865718,0.007353620138019323,0.00010847171521962167,5.880440664155008e-07,0.0011443216985174915,0.008677737217569727,0.015018180180891585,0.004086842824011449,0.9770248598328195,DE_calibrated,,,run_4,naval_propulsion,1.076465213629835
0.9560117302052786,0.004186919562950883,0.007360604591667652,0.00010848166056798254,5.885760068225163e-07,0.0011444090722676963,0.008678532845438595,0.014998507827959199,0.004078213318942552,0.9740367011178699,DE_conformal,,,run_4,naval_propulsion,
1.0,0.0038108037757147973,0.0066993930377066135,8.374241800689285e-05,3.197331911936617e-07,0.0006599845095516757,0.006699393440551422,0.002774189612631597,0.0018508220377487076,0.48567760154524003,SQR_uncalibrated,,,run_4,naval_propulsion,
0.9493087557603687,0.0017731740807985148,0.003117240034043789,4.6696943648012955e-05,1.042666284761761e-07,0.00046137879391284337,0.003735755491841034,0.002241293961687079,0.0017830032011952766,1.0055432348708455,SQR_conformal,,,run_4,naval_propulsion,
0.9627147046501885,0.0017040127893628559,0.002990542445331812,3.957427393100378e-05,1.1347861797105279e-07,0.000603464958424299,0.0031659419144803,0.0013159939630891081,0.0016715119894623964,0.9809269037748175,CLEAR,0.0,0.9678313512463268,run_5,naval_propulsion,
0.9522413070800168,0.0049419048377591325,0.008673042990267277,0.0001200803222285313,7.716577610184006e-07,0.0015388619949727833,0.009606425778282494,0.014842102419802336,0.004915213906217366,0.9945990599944718,DE_calibrated,,,run_5,naval_propulsion,1.1200824692217968
0.9522413070800168,0.004943520722226201,0.008675878867506981,0.00012008194184023614,7.719339443523243e-07,0.001538844089148776,0.009606555347218883,0.014831387190876488,0.004913560752135535,0.9939395479913811,DE_conformal,,,run_5,naval_propulsion,
1.0,0.003622892310052176,0.006358176004141569,7.947720380466412e-05,2.773158041520811e-07,0.000603845786498372,0.006358176304373124,0.002846123983373529,0.0015075599001242222,0.4161205388140589,SQR_uncalibrated,,,run_5,naval_propulsion,
0.9526602429828236,0.0015652530224319876,0.0027470190543681383,4.0989724637501225e-05,7.525401791001774e-08,0.00039147170856366874,0.0032791779710000953,0.002045950947782032,0.0015306724987855435,0.9779073905938127,SQR_conformal,,,run_5,naval_propulsion,
0.9421868454126519,0.001971752153818476,0.0034722555428743362,4.697078967542644e-05,1.6581466500655816e-07,0.0007630721957660014,0.0037576631740341127,0.002167186838283846,0.001987377176602963,1.0079244355099233,CLEAR,0.0,0.9605332055811806,run_6,naval_propulsion,
0.9593632174277336,0.00617812424136589,0.010879676789045334,0.00014214737118726302,1.2163201154573196e-06,0.0019060762742319362,0.011371789694981033,0.007397184223853432,0.006088510465913946,0.9854949865119366,DE_calibrated,,,run_6,naval_propulsion,1.2860267434121768
0.9606200251361542,0.006184438830543011,0.010890796780586243,0.00014217586202799003,1.2177695177240843e-06,0.0019059813386543595,0.01137406896223919,0.007390106119429736,0.006087510217529615,0.984327015648583,DE_conformal,,,run_6,naval_propulsion,
1.0,0.0035723336548679325,0.006290879566222429,7.863599837456837e-05,2.696037827219006e-07,0.0005889723171645228,0.006290879869965464,0.002838354928369414,0.001340706519464802,0.3753027149739649,SQR_uncalibrated,,,run_6,naval_propulsion,
0.9606200251361542,0.0013693970665631817,0.002411508234217763,3.566606445015598e-05,6.225293000808642e-08,0.00035464467887077377,0.0028532851560124765,0.0023852833793946843,0.001320190308339148,0.9640668441421966,SQR_conformal,,,run_6,naval_propulsion,
0.9539170506912442,0.002320281531519692,0.004076734650880098,5.332049500052032e-05,3.0128846980503173e-07,0.0009664886014780621,0.004265639600041622,0.0017179955749570832,0.002312705303416897,0.9967347806721398,CLEAR,0.0,0.9768926237161486,run_7,naval_propulsion,
0.9409300377042312,0.007808012341869509,0.013718677684664726,0.00019728248710593855,2.1360796322833037e-06,0.002409052522007853,0.015782598968475073,0.014034023477381119,0.008023598023008447,1.0276108274039075,DE_calibrated,,,run_7,naval_propulsion,1.411724656639785
0.9426057813154587,0.007827413216971103,0.013752765022218227,0.00019721388458506436,2.141105121311169e-06,0.002408876755147925,0.015777110766805137,0.013887873479645756,0.008023216512482641,1.0250150707627144,DE_conformal,,,run_7,naval_propulsion,
1.0,0.0036787853921314635,0.006463625933974981,8.079532337241165e-05,2.8771787548150663e-07,0.0006362825915026014,0.006463625869792927,0.002335882944193491,0.0017683979857693116,0.48070158959305687,SQR_uncalibrated,,,run_7,naval_propulsion,
0.9493087557603687,0.0018405193472509026,0.003233792493119836,4.7298302035115566e-05,9.504098666607129e-08,0.0004647257971071885,0.0037838641628092423,0.00244709436158124,0.0018431271719108776,1.001416896086352,SQR_conformal,,,run_7,naval_propulsion,
0.9467951403435274,0.0012790653156909445,0.002253713086247444,3.138748915326813e-05,6.809295398119335e-08,0.000440745622238508,0.002510999132261449,0.0016941765707433024,0.0012850286507734173,1.00466226001856,CLEAR,0.0,0.9378024039408697,run_8,naval_propulsion,
0.9447004608294931,0.004104503761304629,0.0072321356274187565,0.00010416966863522761,5.579461892920414e-07,0.0010660091825993726,0.008333573490818204,0.00969289857611794,0.004226923916507655,1.0298258114311276,DE_calibrated,,,run_8,naval_propulsion,1.0543868963912593
0.9451193967322999,0.004105590744774945,0.007234050892293453,0.00010416709425206387,5.58094294067561e-07,0.0010660510281759522,0.008333367540165105,0.009690421244697116,0.0042266482875492105,1.029486022913592,DE_conformal,,,run_8,naval_propulsion,
0.9995810640971932,0.0038885244006601825,0.006851579993963242,8.567113971792615e-05,3.324523924170461e-07,0.0006816815503876861,0.006853691177434088,0.0033423284031537646,0.0018973196797682232,0.4879279346803383,SQR_uncalibrated,,,run_8,naval_propulsion,
0.9451193967322999,0.001871267282884995,0.0032971729524433613,4.974691562313974e-05,1.1231697702987981e-07,0.0004855885857889008,0.003979753249851176,0.0034876392562158197,0.0019025801056314208,1.0167334848596026,SQR_conformal,,,run_8,naval_propulsion,
0.9518223711772099,0.0011071983104303192,0.0019508834229782224,2.6621992582362417e-05,4.247853282528768e-08,0.0003243343120465977,0.0021297594065889914,0.001304516313662234,0.0011018361822463412,0.9951570300157937,CLEAR,0.0,0.9251334159438177,run_9,naval_propulsion,
0.9530791788856305,0.004895467514110884,0.008625813759863377,0.0001253901892296806,7.118780283098719e-07,0.00103072478879096,0.010031215138374442,0.04250321848272809,0.004780255856300134,0.9764656475650877,DE_calibrated,,,run_9,naval_propulsion,1.382770163333203
0.9534981147884374,0.00490111570538917,0.008635765872895718,0.00012539859398322413,7.127865520603838e-07,0.0010311091924791805,0.010031887518657922,0.042198903792470245,0.004767832200068543,0.9728054766848145,DE_conformal,,,run_9,naval_propulsion,
1.0,0.0034633328319949,0.006102392449975014,7.627990740969017e-05,2.525138345435153e-07,0.0005801336976223335,0.006102392592775207,0.0028018109699774903,0.001402001688794668,0.404812865758301,SQR_uncalibrated,,,run_9,naval_propulsion,
0.9459572685379137,0.0014839027654147039,0.0026146366726607084,3.903365959220219e-05,6.568727911092752e-08,0.0003778710954313427,0.0031226927673761724,0.002607548022725817,0.0014950834167293486,1.0075346252970423,SQR_conformal,,,run_9,naval_propulsion,
