Dataset,Seed,Method,Coverage_Target,Alpha,PICP,NIW,MPIW,QuantileLoss,ExpectileLoss,IntervalScoreLoss,CRPS,AUC,NCIW,c_test_cal
ailerons,run_0,UACQR-S,0.95000,0.05000,0.95964,0.18881,0.00060,0.00001,0.00000,0.00081,0.00009,1.09155,0.18881,1.00000
ailerons,run_0,UACQR-P,0.95000,0.05000,0.94982,0.16338,0.00052,0.00001,0.00000,0.00080,0.00009,0.42152,0.16338,1.00000
ailerons,run_0,clear,0.95000,0.05000,0.95164,0.19619,0.00063,0.00001,0.00000,0.00077,0.00009,0.32183,0.19456,
ailerons,run_1,UACQR-S,0.95000,0.05000,0.95600,0.23738,0.00062,0.00001,0.00000,0.00082,0.00010,0.68969,0.23738,1.00000
ailerons,run_1,UACQR-P,0.95000,0.05000,0.93927,0.20457,0.00053,0.00001,0.00000,0.00083,0.00009,0.49342,0.25922,1.26716
ailerons,run_1,clear,0.95000,0.05000,0.94291,0.23961,0.00062,0.00001,0.00000,0.00077,0.00009,0.40831,0.24808,
ailerons,run_2,UACQR-S,0.95000,0.05000,0.96036,0.20667,0.00062,0.00001,0.00000,0.00081,0.00010,1.71143,0.20667,1.00000
ailerons,run_2,UACQR-P,0.95000,0.05000,0.95091,0.17798,0.00053,0.00001,0.00000,0.00078,0.00009,17.26905,0.17798,1.00000
ailerons,run_2,clear,0.95000,0.05000,0.93782,0.20948,0.00063,0.00001,0.00000,0.00077,0.00010,0.36458,0.21937,
ailerons,run_3,UACQR-S,0.95000,0.05000,0.96800,0.18616,0.00061,0.00001,0.00000,0.00080,0.00010,0.68855,0.18616,1.00000
ailerons,run_3,UACQR-P,0.95000,0.05000,0.95273,0.16275,0.00054,0.00001,0.00000,0.00080,0.00009,0.71106,0.16275,1.00000
ailerons,run_3,clear,0.95000,0.05000,0.94618,0.18896,0.00062,0.00001,0.00000,0.00078,0.00009,0.32996,0.19276,
ailerons,run_4,UACQR-S,0.95000,0.05000,0.97018,0.20895,0.00063,0.00001,0.00000,0.00075,0.00009,0.39242,0.20895,1.00000
ailerons,run_4,UACQR-P,0.95000,0.05000,0.95745,0.18014,0.00054,0.00001,0.00000,0.00072,0.00009,0.39198,0.18014,1.00000
ailerons,run_4,clear,0.95000,0.05000,0.96145,0.20989,0.00063,0.00001,0.00000,0.00072,0.00009,0.28406,0.20172,
ailerons,run_5,UACQR-S,0.95000,0.05000,0.96400,0.21059,0.00061,0.00001,0.00000,0.00079,0.00010,0.79867,0.21059,1.00000
ailerons,run_5,UACQR-P,0.95000,0.05000,0.95200,0.18305,0.00053,0.00001,0.00000,0.00078,0.00009,0.37317,0.18305,1.00000
ailerons,run_5,clear,0.95000,0.05000,0.94545,0.21006,0.00061,0.00001,0.00000,0.00075,0.00009,0.37862,0.21504,
ailerons,run_6,UACQR-S,0.95000,0.05000,0.96764,0.18677,0.00062,0.00001,0.00000,0.00076,0.00009,0.44327,0.18677,1.00000
ailerons,run_6,UACQR-P,0.95000,0.05000,0.95164,0.16045,0.00053,0.00001,0.00000,0.00077,0.00009,0.39286,0.16045,1.00000
ailerons,run_6,clear,0.95000,0.05000,0.94655,0.18236,0.00060,0.00001,0.00000,0.00075,0.00009,0.29109,0.18514,
ailerons,run_7,UACQR-S,0.95000,0.05000,0.96400,0.23191,0.00063,0.00001,0.00000,0.00082,0.00009,0.74966,0.23191,1.00000
ailerons,run_7,UACQR-P,0.95000,0.05000,0.94945,0.19353,0.00052,0.00001,0.00000,0.00081,0.00009,0.55205,0.21418,1.10672
ailerons,run_7,clear,0.95000,0.05000,0.94364,0.22985,0.00062,0.00001,0.00000,0.00081,0.00009,0.51738,0.23719,
ailerons,run_8,UACQR-S,0.95000,0.05000,0.96909,0.19256,0.00062,0.00001,0.00000,0.00078,0.00009,0.53274,0.19256,1.00000
ailerons,run_8,UACQR-P,0.95000,0.05000,0.95527,0.16429,0.00053,0.00001,0.00000,0.00076,0.00009,0.70830,0.16429,1.00000
ailerons,run_8,clear,0.95000,0.05000,0.95891,0.20062,0.00064,0.00001,0.00000,0.00077,0.00009,0.35199,0.18857,
ailerons,run_9,UACQR-S,0.95000,0.05000,0.96582,0.21712,0.00063,0.00001,0.00000,0.00080,0.00010,0.49258,0.21712,1.00000
ailerons,run_9,UACQR-P,0.95000,0.05000,0.94145,0.17747,0.00051,0.00001,0.00000,0.00082,0.00009,0.50748,0.21198,1.19447
ailerons,run_9,clear,0.95000,0.05000,0.94364,0.20880,0.00061,0.00001,0.00000,0.00078,0.00009,0.40881,0.21699,
airfoil,run_0,UACQR-S,0.95000,0.05000,0.96013,0.40401,14.42867,0.19961,1.73066,15.96880,2.01342,1.56598,0.30413,0.75278
airfoil,run_0,UACQR-P,0.95000,0.05000,0.95681,0.36073,12.88296,0.18602,1.40323,14.88181,1.81243,6.46067,0.28681,0.79510
airfoil,run_0,clear,0.95000,0.05000,0.96346,0.19857,7.09155,0.10543,0.46386,8.43465,0.97470,0.28142,0.18507,
airfoil,run_1,UACQR-S,0.95000,0.05000,0.95349,0.40275,14.81425,0.21012,1.91962,16.80928,2.21612,3.92739,0.39441,0.97930
airfoil,run_1,UACQR-P,0.95000,0.05000,0.94352,0.36424,13.39773,0.20547,1.62396,16.43780,2.06453,3.29963,0.35600,0.97738
airfoil,run_1,clear,0.95000,0.05000,0.96678,0.19747,7.26348,0.11207,0.56167,8.96575,1.00742,0.43078,0.17359,
airfoil,run_2,UACQR-S,0.95000,0.05000,0.96346,0.42797,13.96629,0.19795,1.66499,15.83627,1.91156,20.60306,0.31963,0.74685
airfoil,run_2,UACQR-P,0.95000,0.05000,0.95681,0.39183,12.78687,0.18437,1.41058,14.74923,1.79764,3.34190,0.28994,0.73996
airfoil,run_2,clear,0.95000,0.05000,0.96678,0.20301,6.62499,0.09532,0.42158,7.62563,0.97371,0.37461,0.18057,
airfoil,run_3,UACQR-S,0.95000,0.05000,0.95681,0.39416,12.68248,0.18083,1.37114,14.46641,1.75703,1.97385,0.33909,0.86027
airfoil,run_3,UACQR-P,0.95000,0.05000,0.97010,0.38168,12.28096,0.17016,1.25384,13.61257,1.70531,3.90372,0.28156,0.73768
airfoil,run_3,clear,0.95000,0.05000,0.97342,0.20064,6.45580,0.09345,0.37977,7.47568,0.89444,0.22575,0.18177,
airfoil,run_4,UACQR-S,0.95000,0.05000,0.98339,0.43861,14.26980,0.18761,1.66406,15.00884,1.87251,2.39214,0.32880,0.74965
airfoil,run_4,UACQR-P,0.95000,0.05000,0.96678,0.37463,12.18834,0.16990,1.25296,13.59165,1.73834,1.01803,0.31485,0.84041
airfoil,run_4,clear,0.95000,0.05000,0.94684,0.20154,6.55701,0.09857,0.43455,7.88572,0.99298,0.24536,0.21004,
airfoil,run_5,UACQR-S,0.95000,0.05000,0.93355,0.35533,11.72980,0.19528,1.38135,15.62223,1.91292,1.33603,0.35605,1.00201
airfoil,run_5,UACQR-P,0.95000,0.05000,0.94352,0.34952,11.53803,0.18090,1.26121,14.47174,1.83735,0.99925,0.34906,0.99867
airfoil,run_5,clear,0.95000,0.05000,0.95017,0.18934,6.25016,0.09887,0.38415,7.90962,0.94562,0.25213,0.18886,
airfoil,run_6,UACQR-S,0.95000,0.05000,0.95349,0.34367,12.64105,0.21047,1.68446,16.83791,1.94002,3.39736,0.27016,0.78610
airfoil,run_6,UACQR-P,0.95000,0.05000,0.95017,0.33861,12.45500,0.19010,1.47643,15.20837,1.84680,1.14386,0.31909,0.94235
airfoil,run_6,clear,0.95000,0.05000,0.95017,0.19246,7.07942,0.11763,0.57197,9.41063,1.06758,0.36340,0.19212,
airfoil,run_7,UACQR-S,0.95000,0.05000,0.94684,0.38119,13.00126,0.21238,1.68578,16.99062,1.95527,5.30771,0.32853,0.86184
airfoil,run_7,UACQR-P,0.95000,0.05000,0.94352,0.33068,11.27833,0.20496,1.45434,16.39668,1.85855,2.22023,0.31832,0.96263
airfoil,run_7,clear,0.95000,0.05000,0.95349,0.20853,7.11224,0.13291,0.66090,10.63299,1.10339,0.38655,0.18737,
airfoil,run_8,UACQR-S,0.95000,0.05000,0.94352,0.36122,12.13135,0.20050,1.42803,16.03971,1.78109,3.64967,0.29561,0.81836
airfoil,run_8,UACQR-P,0.95000,0.05000,0.93688,0.35617,11.96163,0.18395,1.26637,14.71626,1.73265,2.12328,0.31386,0.88121
airfoil,run_8,clear,0.95000,0.05000,0.95349,0.18211,6.11592,0.08974,0.34510,7.17894,0.87053,0.33578,0.17426,
airfoil,run_9,UACQR-S,0.95000,0.05000,0.95681,0.40332,14.24049,0.20515,1.71502,16.41206,1.99656,8.92723,0.35749,0.88636
airfoil,run_9,UACQR-P,0.95000,0.05000,0.95017,0.40316,14.23494,0.20569,1.69801,16.45535,1.97982,2.30453,0.34297,0.85069
airfoil,run_9,clear,0.95000,0.05000,0.96678,0.23606,8.33470,0.12687,0.66116,10.14981,1.13292,0.28878,0.21484,
allstate,run_0,UACQR-S,0.95000,0.05000,0.94400,0.24981,6978.09118,126.80229,816406.05044,10144.18339,1267.61465,2.53765,0.25431,1.01802
allstate,run_0,UACQR-P,0.95000,0.05000,0.94900,0.24344,6800.08302,124.64870,780180.02051,9971.89610,1218.64680,1.35710,0.23844,0.97945
allstate,run_0,clear,0.95000,0.05000,0.96700,0.25706,7180.55304,112.35237,617595.21580,8988.18993,1158.92817,0.60040,0.23716,
allstate,run_1,UACQR-S,0.95000,0.05000,0.95800,0.31528,7492.29892,108.57962,711014.04873,8686.36965,1342.00530,0.85358,0.29870,0.94742
allstate,run_1,UACQR-P,0.95000,0.05000,0.95500,0.29031,6898.79802,103.30123,584318.58243,8264.09851,1224.46393,0.96843,0.28384,0.97771
allstate,run_1,clear,0.95000,0.05000,0.93900,0.27941,6639.82427,111.18408,548115.05225,8894.72629,1185.48979,0.59429,0.29509,
allstate,run_2,UACQR-S,0.95000,0.05000,0.96000,0.24833,7671.05939,110.82312,696401.26110,8865.84964,1396.96253,0.48218,0.24081,0.96970
allstate,run_2,UACQR-P,0.95000,0.05000,0.96000,0.23112,7139.48691,105.94534,612682.63601,8475.62739,1274.66337,0.44939,0.22302,0.96494
allstate,run_2,clear,0.95000,0.05000,0.95000,0.21075,6510.03067,122.12375,608506.95165,9769.89998,1036.92057,1.10366,0.20722,
allstate,run_3,UACQR-S,0.95000,0.05000,0.95800,0.32058,7604.77842,111.03715,690054.51377,8882.97164,1329.12391,0.56571,0.30764,0.95964
allstate,run_3,UACQR-P,0.95000,0.05000,0.96100,0.30035,7124.77604,103.49002,577547.81401,8279.20174,1219.79300,0.49320,0.28258,0.94084
allstate,run_3,clear,0.95000,0.05000,0.95300,0.30713,7285.77014,108.57914,601465.91156,8686.33121,1231.65048,0.56003,0.30331,
allstate,run_4,UACQR-S,0.95000,0.05000,0.94800,0.24531,7566.49189,119.37071,752986.13412,9549.65691,1412.16968,0.58334,0.24639,1.00438
allstate,run_4,UACQR-P,0.95000,0.05000,0.94800,0.22753,7017.88984,118.30042,677508.77010,9464.03375,1307.79392,0.52321,0.22875,1.00539
allstate,run_4,clear,0.95000,0.05000,0.94500,0.21341,6582.59838,122.31904,668279.15057,9785.52356,1081.57999,0.79588,0.21822,
allstate,run_5,UACQR-S,0.95000,0.05000,0.94000,0.29668,7051.11919,121.04807,673208.85668,9683.84540,1291.57556,0.66753,0.30728,1.03574
allstate,run_5,UACQR-P,0.95000,0.05000,0.93900,0.27565,6551.36547,116.21859,574388.40725,9297.48694,1175.77773,0.67574,0.28545,1.03556
allstate,run_5,clear,0.95000,0.05000,0.94500,0.29110,6918.50413,123.68954,645132.72088,9895.16325,1209.22429,0.60118,0.29591,
allstate,run_6,UACQR-S,0.95000,0.05000,0.95800,0.35174,7366.40744,107.48246,646413.85453,8598.59652,1285.01840,1.71500,0.33122,0.94167
allstate,run_6,UACQR-P,0.95000,0.05000,0.95800,0.32641,6836.09437,104.73600,568565.58523,8378.87996,1195.51018,3.77207,0.31743,0.97248
allstate,run_6,clear,0.95000,0.05000,0.95600,0.33015,6914.24505,108.64835,580374.29214,8691.86836,1180.44364,0.68422,0.32266,
allstate,run_7,UACQR-S,0.95000,0.05000,0.96100,0.35340,7667.50344,121.62756,897561.42816,9730.20455,1378.87287,40.40909,0.33051,0.93522
allstate,run_7,UACQR-P,0.95000,0.05000,0.96200,0.33825,7338.82320,115.13716,775612.87522,9210.97281,1299.12851,5.03348,0.32387,0.95747
allstate,run_7,clear,0.95000,0.05000,0.94100,0.29524,6405.57705,112.13923,550118.00106,8971.13827,1108.82407,0.90583,0.30298,
allstate,run_8,UACQR-S,0.95000,0.05000,0.95700,0.41605,7681.77925,114.69901,751056.76474,9175.92077,1381.27495,1.08951,0.40252,0.96748
allstate,run_8,UACQR-P,0.95000,0.05000,0.96000,0.38689,7143.26463,107.55136,610531.40805,8604.10875,1256.96398,0.82176,0.37176,0.96089
allstate,run_8,clear,0.95000,0.05000,0.94400,0.38008,7017.68215,105.36633,545762.52179,8429.30669,1203.56922,0.61428,0.38580,
allstate,run_9,UACQR-S,0.95000,0.05000,0.95600,0.24835,7671.74178,123.75671,826068.96569,9900.53675,1376.14483,0.77760,0.24422,0.98337
allstate,run_9,UACQR-P,0.95000,0.05000,0.95200,0.23095,7134.26247,119.52111,741030.63785,9561.68865,1281.44969,0.61800,0.23007,0.99617
allstate,run_9,clear,0.95000,0.05000,0.95400,0.22002,6796.43085,124.18840,641769.63975,9935.07183,1067.37457,0.65646,0.21044,
ca_housing,run_0,UACQR-S,0.95000,0.05000,0.96584,0.41472,198028.81923,3003.75225,443601958.51647,240300.18018,31772.71809,3.92429,0.41472,1.00000
ca_housing,run_0,UACQR-P,0.95000,0.05000,0.95179,0.36478,174183.06063,2955.47217,375700217.05555,236437.77333,28657.37412,11.35980,0.36478,1.00000
ca_housing,run_0,clear,0.95000,0.05000,0.94864,0.31174,148856.23743,2854.51547,295609821.15422,228361.23759,23069.45963,1.25802,0.31514,
ca_housing,run_1,UACQR-S,0.95000,0.05000,0.95567,0.40225,195094.15707,3108.70269,454862496.23022,248696.21546,32230.17138,41.31914,0.40225,1.00000
ca_housing,run_1,UACQR-P,0.95000,0.05000,0.94549,0.35356,171475.02613,3036.90481,391129404.96737,242952.38514,29167.99064,2.90587,0.36167,1.02295
ca_housing,run_1,clear,0.95000,0.05000,0.95591,0.32714,158661.25657,2812.79844,301214278.54286,225023.87527,23694.37934,1.01014,0.31074,
ca_housing,run_2,UACQR-S,0.95000,0.05000,0.95785,0.39886,193447.03643,3013.22725,429565661.67154,241058.17984,31759.92294,38.33473,0.39886,1.00000
ca_housing,run_2,UACQR-P,0.95000,0.05000,0.95785,0.37830,183477.15273,2888.46943,389634163.58014,231077.55462,30102.02595,8.43363,0.37830,1.00000
ca_housing,run_2,clear,0.95000,0.05000,0.96269,0.32914,159631.83580,2618.40987,286056729.44206,209472.78929,23294.97915,1.14812,0.29608,
ca_housing,run_3,UACQR-S,0.95000,0.05000,0.95640,0.39861,190336.76792,3042.08102,439322576.00317,243366.48158,32257.92762,17.86387,0.39861,1.00000
ca_housing,run_3,UACQR-P,0.95000,0.05000,0.94792,0.36978,176569.55275,2976.07635,398252998.38866,238086.10774,30326.15110,21.64190,0.37529,1.01491
ca_housing,run_3,clear,0.95000,0.05000,0.94574,0.30827,147201.06716,2846.17808,296836713.60894,227694.24615,23809.22107,1.04507,0.31842,
ca_housing,run_4,UACQR-S,0.95000,0.05000,0.95930,0.39802,193039.92693,3097.38171,457293575.55780,247790.53667,31940.24867,2.43401,0.39802,1.00000
ca_housing,run_4,UACQR-P,0.95000,0.05000,0.95567,0.36759,178284.13640,3003.88285,416831836.52859,240310.62792,29765.99985,2.24184,0.36759,1.00000
ca_housing,run_4,clear,0.95000,0.05000,0.94889,0.30854,149641.23133,2884.12749,305433788.16272,230730.19934,23751.76746,1.62045,0.31072,
ca_housing,run_5,UACQR-S,0.95000,0.05000,0.95954,0.41497,198150.18657,3035.56130,445773044.77004,242844.90387,32320.94078,6.59389,0.41497,1.00000
ca_housing,run_5,UACQR-P,0.95000,0.05000,0.95034,0.36658,175042.21115,2907.66396,376435910.43707,232613.11643,29286.82908,36.40639,0.36658,1.00000
ca_housing,run_5,clear,0.95000,0.05000,0.94283,0.30036,143424.36255,2747.21771,270403241.88988,219777.41666,23062.46720,0.92333,0.31218,
ca_housing,run_6,UACQR-S,0.95000,0.05000,0.96318,0.41173,199688.29081,2986.55166,449405351.97599,238924.13311,32446.80829,7.75146,0.41173,1.00000
ca_housing,run_6,UACQR-P,0.95000,0.05000,0.94913,0.35623,172771.12484,2915.57273,378639674.85266,233245.81816,28934.00200,240.98049,0.35623,1.00000
ca_housing,run_6,clear,0.95000,0.05000,0.95155,0.30894,149837.47661,2773.89443,288594702.23626,221911.55431,23163.65007,1.08215,0.30668,
ca_housing,run_7,UACQR-S,0.95000,0.05000,0.96633,0.39718,192630.78961,2947.98957,437013282.64965,235839.16582,31341.02465,3.81885,0.39718,1.00000
ca_housing,run_7,UACQR-P,0.95000,0.05000,0.95833,0.36344,176268.00842,2846.55123,385590156.40447,227724.09806,29078.12573,3.58434,0.36344,1.00000
ca_housing,run_7,clear,0.95000,0.05000,0.95543,0.30580,148315.48206,2622.92727,269573096.46135,209834.18127,22863.23491,0.93260,0.29351,
ca_housing,run_8,UACQR-S,0.95000,0.05000,0.95858,0.41202,196737.77780,3112.12774,459405723.22912,248970.21894,32824.95283,4.09502,0.41202,1.00000
ca_housing,run_8,UACQR-P,0.95000,0.05000,0.95131,0.36779,175621.25002,2987.83168,391594032.11407,239026.53466,29712.69437,59.25987,0.36779,1.00000
ca_housing,run_8,clear,0.95000,0.05000,0.94162,0.31006,148051.89266,2878.50860,296456502.69315,230280.68838,23478.24622,1.17266,0.32641,
ca_housing,run_9,UACQR-S,0.95000,0.05000,0.95736,0.40280,195357.56674,3120.30206,445612933.03301,249624.16461,31855.35166,2.88896,0.40280,1.00000
ca_housing,run_9,UACQR-P,0.95000,0.05000,0.95373,0.37667,182683.61268,3015.98568,408151579.67663,241278.85445,30050.53836,6.03588,0.37667,1.00000
ca_housing,run_9,clear,0.95000,0.05000,0.95785,0.32614,158180.23197,2773.06182,305154573.52840,221844.94595,23631.12774,1.63037,0.31134,
computer,run_0,UACQR-S,0.95000,0.05000,0.97376,0.10200,10.09834,0.14955,1.08668,11.96411,1.51278,0.47541,0.10200,1.00000
computer,run_0,UACQR-P,0.95000,0.05000,0.95668,0.08375,8.29079,0.14255,0.84517,11.40427,1.38226,0.60871,0.08375,1.00000
computer,run_0,clear,0.95000,0.05000,0.94143,0.07502,7.42730,0.14372,1.99936,11.49747,1.18845,0.52491,0.07833,
computer,run_1,UACQR-S,0.95000,0.05000,0.96949,0.10158,10.05679,0.15531,1.12761,12.42469,1.55066,0.77059,0.10158,1.00000
computer,run_1,UACQR-P,0.95000,0.05000,0.94509,0.08295,8.21167,0.15497,0.87756,12.39776,1.41971,0.97890,0.09711,1.17076
computer,run_1,clear,0.95000,0.05000,0.93716,0.07833,7.75456,0.13609,0.96544,10.88705,1.26542,0.21586,0.08297,
computer,run_2,UACQR-S,0.95000,0.05000,0.97743,0.10145,10.04353,0.14951,1.04891,11.96056,1.48815,0.53424,0.10145,1.00000
computer,run_2,UACQR-P,0.95000,0.05000,0.95607,0.08140,8.05885,0.14620,0.84566,11.69582,1.34362,0.63673,0.08140,1.00000
computer,run_2,clear,0.95000,0.05000,0.95790,0.08181,8.09942,0.12922,0.67488,10.33791,1.17757,0.26772,0.07983,
computer,run_3,UACQR-S,0.95000,0.05000,0.97376,0.10236,10.13371,0.15868,1.15000,12.69442,1.52414,0.83082,0.10236,1.00000
computer,run_3,UACQR-P,0.95000,0.05000,0.95546,0.08545,8.45941,0.15201,0.94381,12.16106,1.39930,16.85873,0.08545,1.00000
computer,run_3,clear,0.95000,0.05000,0.94875,0.08249,8.16602,0.16005,2.50893,12.80417,1.28339,0.69773,0.08326,
computer,run_4,UACQR-S,0.95000,0.05000,0.96949,0.09949,9.84924,0.15338,1.17049,12.27023,1.51455,0.40304,0.09949,1.00000
computer,run_4,UACQR-P,0.95000,0.05000,0.95302,0.08165,8.08321,0.14662,0.87410,11.72994,1.34441,0.29744,0.08165,1.00000
computer,run_4,clear,0.95000,0.05000,0.94753,0.08893,8.80427,0.14049,0.85425,11.23950,1.34628,0.18478,0.08999,
computer,run_5,UACQR-S,0.95000,0.05000,0.97621,0.10187,10.08525,0.15472,1.19958,12.37750,1.54942,2.87504,0.10187,1.00000
computer,run_5,UACQR-P,0.95000,0.05000,0.96461,0.08979,8.88874,0.14925,0.98015,11.93999,1.43757,4.41146,0.08979,1.00000
computer,run_5,clear,0.95000,0.05000,0.95546,0.08332,8.24917,0.14929,1.91809,11.94337,1.22742,0.38343,0.08157,
computer,run_6,UACQR-S,0.95000,0.05000,0.97437,0.10283,10.18057,0.15149,1.09378,12.11955,1.47316,0.45403,0.10283,1.00000
computer,run_6,UACQR-P,0.95000,0.05000,0.95119,0.08362,8.27822,0.14848,0.85758,11.87858,1.35271,0.35974,0.08362,1.00000
computer,run_6,clear,0.95000,0.05000,0.94448,0.07888,7.80875,0.13244,0.90122,10.59521,1.19856,0.37665,0.08202,
computer,run_7,UACQR-S,0.95000,0.05000,0.97132,0.10105,10.00369,0.14535,1.01738,11.62785,1.50967,0.38455,0.10105,1.00000
computer,run_7,UACQR-P,0.95000,0.05000,0.93289,0.07677,7.60014,0.15248,0.77048,12.19867,1.37189,1.22473,0.09625,1.25372
computer,run_7,clear,0.95000,0.05000,0.94082,0.07445,7.37097,0.13535,0.66651,10.82839,1.18698,0.14471,0.07972,
computer,run_8,UACQR-S,0.95000,0.05000,0.96888,0.09905,9.80560,0.14897,1.04489,11.91725,1.49134,0.62237,0.09905,1.00000
computer,run_8,UACQR-P,0.95000,0.05000,0.96400,0.08717,8.62939,0.14317,0.87789,11.45368,1.37614,0.54442,0.08717,1.00000
computer,run_8,clear,0.95000,0.05000,0.95851,0.08114,8.03307,0.12668,0.67124,10.13426,1.16726,0.30587,0.07694,
computer,run_9,UACQR-S,0.95000,0.05000,0.98170,0.10281,10.17849,0.14586,1.01367,11.66904,1.48175,0.36814,0.10281,1.00000
computer,run_9,UACQR-P,0.95000,0.05000,0.96888,0.08390,8.30628,0.13382,0.75653,10.70531,1.32989,0.45826,0.08390,1.00000
computer,run_9,clear,0.95000,0.05000,0.95912,0.07876,7.79708,0.11823,0.60444,9.45878,1.13481,0.23099,0.07579,
concrete,run_0,UACQR-S,0.95000,0.05000,0.91748,0.36991,27.85388,0.43036,6.99808,34.42905,4.12455,61.33792,0.39882,1.07816
concrete,run_0,UACQR-P,0.95000,0.05000,0.95631,0.39563,29.79112,0.43823,7.66789,35.05830,4.18435,0.69370,0.38235,0.96644
concrete,run_0,clear,0.95000,0.05000,0.92718,0.27409,20.63879,0.34182,4.59014,27.34574,3.41615,0.51438,0.29790,
concrete,run_1,UACQR-S,0.95000,0.05000,0.98544,0.40701,31.32747,0.41668,8.14071,33.33474,4.16632,0.78765,0.27892,0.68529
concrete,run_1,UACQR-P,0.95000,0.05000,0.97573,0.38007,29.25384,0.40181,6.98968,32.14506,3.91424,2.97470,0.23977,0.63086
concrete,run_1,clear,0.95000,0.05000,0.97573,0.28635,22.04034,0.33269,4.78541,26.61529,3.24213,0.46166,0.24836,
concrete,run_2,UACQR-S,0.95000,0.05000,0.93204,0.37761,29.32504,0.44356,7.51154,35.48476,4.31199,6.06322,0.39810,1.05428
concrete,run_2,UACQR-P,0.95000,0.05000,0.92718,0.35317,27.42707,0.44684,6.84489,35.74746,4.10454,1.50222,0.36457,1.03229
concrete,run_2,clear,0.95000,0.05000,0.96117,0.24893,19.33152,0.30474,4.01731,24.37884,3.05690,0.57006,0.23169,
concrete,run_3,UACQR-S,0.95000,0.05000,0.97573,0.42575,32.81238,0.42123,8.60766,33.69845,4.37532,1.08806,0.29957,0.70364
concrete,run_3,UACQR-P,0.95000,0.05000,0.97573,0.41358,31.87480,0.41588,7.99407,33.27010,4.17928,1.09373,0.27911,0.67487
concrete,run_3,clear,0.95000,0.05000,0.96602,0.28443,21.92136,0.36618,6.12205,29.29419,3.34098,1.42745,0.25430,
concrete,run_4,UACQR-S,0.95000,0.05000,0.98058,0.42092,31.55661,0.41108,7.80735,32.88662,4.10601,9.29161,0.24933,0.59234
concrete,run_4,UACQR-P,0.95000,0.05000,0.98058,0.38608,28.94472,0.37888,6.62453,30.31050,3.86179,0.37620,0.25111,0.65040
concrete,run_4,clear,0.95000,0.05000,0.96117,0.23391,17.53602,0.31288,3.62746,25.03067,2.90156,3.71118,0.21763,
concrete,run_5,UACQR-S,0.95000,0.05000,0.97087,0.42480,31.94925,0.43946,8.56444,35.15712,4.56489,1.26675,0.38078,0.89638
concrete,run_5,UACQR-P,0.95000,0.05000,0.98058,0.39727,29.87874,0.41753,7.58018,33.40218,4.31823,2.03383,0.37279,0.93838
concrete,run_5,clear,0.95000,0.05000,0.95146,0.31161,23.43609,0.37277,5.89861,29.82128,3.71221,2.65426,0.28349,
concrete,run_6,UACQR-S,0.95000,0.05000,0.98544,0.42255,31.48833,0.41833,8.21234,33.46639,4.32838,0.69876,0.34250,0.81055
concrete,run_6,UACQR-P,0.95000,0.05000,0.95631,0.34605,25.78768,0.37969,5.95679,30.37487,3.90688,0.58380,0.33169,0.95851
concrete,run_6,clear,0.95000,0.05000,0.98058,0.32010,23.85350,0.32204,5.27930,25.76347,3.44996,1.44165,0.26395,
concrete,run_7,UACQR-S,0.95000,0.05000,0.93689,0.40297,31.10150,0.47174,8.62575,37.73959,4.54320,0.53649,0.42388,1.05189
concrete,run_7,UACQR-P,0.95000,0.05000,0.91262,0.34167,26.36985,0.49636,7.39651,39.70888,4.29877,0.73722,0.41549,1.21606
concrete,run_7,clear,0.95000,0.05000,0.94660,0.30961,23.89595,0.37530,5.61174,30.02425,3.55819,0.36071,0.31708,
concrete,run_8,UACQR-S,0.95000,0.05000,0.94175,0.36929,27.85170,0.41411,6.71931,33.12910,3.89848,0.98573,0.34673,0.93891
concrete,run_8,UACQR-P,0.95000,0.05000,0.96602,0.33912,25.57608,0.38825,5.67599,31.06020,3.70707,1.23897,0.31777,0.93705
concrete,run_8,clear,0.95000,0.05000,0.96117,0.27331,20.61301,0.34503,4.84126,27.60265,2.83069,0.51515,0.25127,
concrete,run_9,UACQR-S,0.95000,0.05000,0.97573,0.40895,30.24990,0.38213,7.43887,30.57056,4.12538,0.33665,0.32402,0.79231
concrete,run_9,UACQR-P,0.95000,0.05000,0.95631,0.37341,27.62130,0.37121,6.22933,29.69649,3.85118,0.39089,0.36647,0.98140
concrete,run_9,clear,0.95000,0.05000,0.95631,0.23621,17.47247,0.27343,3.23095,21.87431,2.86535,0.44782,0.22625,
elevator,run_0,UACQR-S,0.95000,0.05000,0.97289,0.20072,0.01244,0.00019,0.00000,0.01485,0.00194,2.57416,0.20072,1.00000
elevator,run_0,UACQR-P,0.95000,0.05000,0.95301,0.15700,0.00973,0.00018,0.00000,0.01428,0.00166,45.79517,0.15700,1.00000
elevator,run_0,clear,0.95000,0.05000,0.95723,0.12982,0.00805,0.00013,0.00000,0.01016,0.00118,0.37140,0.12613,
elevator,run_1,UACQR-S,0.95000,0.05000,0.97349,0.22147,0.01240,0.00018,0.00000,0.01444,0.00192,13.27471,0.22147,1.00000
elevator,run_1,UACQR-P,0.95000,0.05000,0.95572,0.17678,0.00990,0.00017,0.00000,0.01369,0.00165,9.33043,0.17678,1.00000
elevator,run_1,clear,0.95000,0.05000,0.95181,0.14222,0.00796,0.00013,0.00000,0.01016,0.00119,0.32187,0.14106,
elevator,run_2,UACQR-S,0.95000,0.05000,0.96687,0.20158,0.01209,0.00019,0.00000,0.01504,0.00196,5.93714,0.20158,1.00000
elevator,run_2,UACQR-P,0.95000,0.05000,0.94548,0.16578,0.00995,0.00019,0.00000,0.01486,0.00173,4.41433,0.18656,1.12533
elevator,run_2,clear,0.95000,0.05000,0.94518,0.13153,0.00789,0.00013,0.00000,0.01070,0.00122,0.40186,0.13373,
elevator,run_3,UACQR-S,0.95000,0.05000,0.97440,0.18902,0.01248,0.00018,0.00000,0.01460,0.00195,0.92954,0.18902,1.00000
elevator,run_3,UACQR-P,0.95000,0.05000,0.94578,0.14101,0.00931,0.00018,0.00000,0.01461,0.00162,1.12083,0.14101,1.00000
elevator,run_3,clear,0.95000,0.05000,0.94880,0.11894,0.00785,0.00013,0.00000,0.01056,0.00120,0.37280,0.11952,
elevator,run_4,UACQR-S,0.95000,0.05000,0.97410,0.18887,0.01247,0.00019,0.00000,0.01513,0.00195,2.21818,0.18887,1.00000
elevator,run_4,UACQR-P,0.95000,0.05000,0.94970,0.14408,0.00951,0.00018,0.00000,0.01442,0.00164,2.42569,0.14408,1.00000
elevator,run_4,clear,0.95000,0.05000,0.94759,0.11613,0.00766,0.00013,0.00000,0.01064,0.00118,0.34977,0.11750,
elevator,run_5,UACQR-S,0.95000,0.05000,0.97169,0.20205,0.01253,0.00019,0.00000,0.01481,0.00194,2.99416,0.20205,1.00000
elevator,run_5,UACQR-P,0.95000,0.05000,0.94789,0.15956,0.00989,0.00018,0.00000,0.01442,0.00167,3.51351,0.16909,1.05969
elevator,run_5,clear,0.95000,0.05000,0.95241,0.12732,0.00789,0.00013,0.00000,0.01063,0.00120,0.34038,0.12569,
elevator,run_6,UACQR-S,0.95000,0.05000,0.97319,0.18862,0.01245,0.00018,0.00000,0.01465,0.00197,3.55699,0.18862,1.00000
elevator,run_6,UACQR-P,0.95000,0.05000,0.94789,0.14601,0.00964,0.00018,0.00000,0.01414,0.00166,2.60482,0.15672,1.07336
elevator,run_6,clear,0.95000,0.05000,0.94759,0.11695,0.00772,0.00013,0.00000,0.01058,0.00119,0.24637,0.11840,
elevator,run_7,UACQR-S,0.95000,0.05000,0.96807,0.19664,0.01219,0.00019,0.00000,0.01535,0.00190,3.48133,0.19664,1.00000
elevator,run_7,UACQR-P,0.95000,0.05000,0.95873,0.16595,0.01029,0.00018,0.00000,0.01452,0.00170,16.09295,0.16595,1.00000
elevator,run_7,clear,0.95000,0.05000,0.96265,0.12981,0.00805,0.00012,0.00000,0.01000,0.00118,0.25061,0.12140,
elevator,run_8,UACQR-S,0.95000,0.05000,0.97259,0.20963,0.01237,0.00018,0.00000,0.01452,0.00195,2.80244,0.20963,1.00000
elevator,run_8,UACQR-P,0.95000,0.05000,0.95361,0.17062,0.01007,0.00018,0.00000,0.01426,0.00168,8.94199,0.17062,1.00000
elevator,run_8,clear,0.95000,0.05000,0.94759,0.13333,0.00787,0.00013,0.00000,0.01052,0.00119,0.39466,0.13458,
elevator,run_9,UACQR-S,0.95000,0.05000,0.96446,0.19920,0.01235,0.00019,0.00000,0.01496,0.00197,1.23889,0.19920,1.00000
elevator,run_9,UACQR-P,0.95000,0.05000,0.93976,0.15622,0.00969,0.00019,0.00000,0.01491,0.00168,4.98282,0.18401,1.17785
elevator,run_9,clear,0.95000,0.05000,0.94337,0.12366,0.00767,0.00013,0.00000,0.01078,0.00120,0.30102,0.12817,
energy_efficiency,run_0,UACQR-S,0.95000,0.05000,0.98052,0.15961,5.82425,0.08050,0.40426,6.43995,0.91949,2.45808,0.12687,0.79483
energy_efficiency,run_0,UACQR-P,0.95000,0.05000,1.00000,inf,inf,inf,inf,,,,,0.00000
energy_efficiency,run_0,clear,0.95000,0.05000,0.96104,0.05291,1.93057,0.03510,0.04521,2.80812,0.27712,0.20669,0.05080,
energy_efficiency,run_1,UACQR-S,0.95000,0.05000,0.94805,0.15240,5.59771,0.08820,0.38643,7.05579,0.86474,0.60871,0.10336,0.67821
energy_efficiency,run_1,UACQR-P,0.95000,0.05000,0.96104,0.14559,5.34734,0.08717,0.37052,6.97332,0.84746,0.67189,0.12003,0.82447
energy_efficiency,run_1,clear,0.95000,0.05000,0.95455,0.05412,1.98799,0.04784,0.09397,3.82726,0.31511,0.34450,0.04614,
energy_efficiency,run_2,UACQR-S,0.95000,0.05000,0.96753,0.16790,6.17194,0.08020,0.39866,6.41595,0.86569,0.21000,0.14094,0.83944
energy_efficiency,run_2,UACQR-P,0.95000,0.05000,0.97403,0.16546,6.08222,0.07800,0.37080,6.24027,0.82849,0.24269,0.15008,0.90707
energy_efficiency,run_2,clear,0.95000,0.05000,0.97403,0.03969,1.45896,0.02591,0.03106,2.07281,0.22773,0.23727,0.03319,
energy_efficiency,run_3,UACQR-S,0.95000,0.05000,0.96753,0.14905,5.42538,0.07088,0.37145,5.67030,0.94196,0.46476,0.14209,0.95329
energy_efficiency,run_3,UACQR-P,0.95000,0.05000,0.96753,0.14690,5.34716,0.06888,0.34106,5.51079,0.88996,0.46589,0.14452,0.98379
energy_efficiency,run_3,clear,0.95000,0.05000,0.95455,0.03441,1.25262,0.02322,0.02629,1.85745,0.20421,0.16697,0.03371,
energy_efficiency,run_4,UACQR-S,0.95000,0.05000,0.96753,0.17116,6.14982,0.07933,0.44645,6.34653,0.92664,0.39770,0.13563,0.79241
energy_efficiency,run_4,UACQR-P,0.95000,0.05000,0.97403,0.15292,5.49456,0.07314,0.37019,5.85099,0.86440,0.23743,0.13190,0.86249
energy_efficiency,run_4,clear,0.95000,0.05000,0.93506,0.03722,1.33749,0.02742,0.03655,2.19394,0.24579,0.16375,0.04184,
energy_efficiency,run_5,UACQR-S,0.95000,0.05000,0.96753,0.16375,6.04554,0.07670,0.41671,6.13621,0.95265,0.18930,0.15185,0.92732
energy_efficiency,run_5,UACQR-P,0.95000,0.05000,0.96104,0.16899,6.23899,0.08104,0.43246,6.48315,0.91433,0.20233,0.16899,1.00000
energy_efficiency,run_5,clear,0.95000,0.05000,0.96753,0.04791,1.76876,0.02611,0.03592,2.08912,0.26727,0.05947,0.04077,
energy_efficiency,run_6,UACQR-S,0.95000,0.05000,0.97403,0.15243,5.53789,0.07181,0.34452,5.74504,0.83037,0.30196,0.12962,0.85037
energy_efficiency,run_6,UACQR-P,0.95000,0.05000,0.96753,0.16757,6.08800,0.07916,0.39722,6.33261,0.91150,0.29029,0.13426,0.80119
energy_efficiency,run_6,clear,0.95000,0.05000,0.95455,0.04377,1.59026,0.02458,0.03258,1.96615,0.24846,0.05616,0.04130,
energy_efficiency,run_7,UACQR-S,0.95000,0.05000,0.92208,0.15534,5.70414,0.07823,0.36689,6.25877,0.97539,5.14803,0.19032,1.22517
energy_efficiency,run_7,UACQR-P,0.95000,0.05000,0.93506,0.14181,5.20712,0.07580,0.31063,6.06387,0.87628,0.93158,0.14540,1.02534
energy_efficiency,run_7,clear,0.95000,0.05000,0.94805,0.03883,1.42600,0.02622,0.02854,2.09788,0.22464,0.15631,0.03886,
energy_efficiency,run_8,UACQR-S,0.95000,0.05000,0.93506,0.15243,5.47523,0.07733,0.36737,6.18653,0.87094,0.63107,0.15244,1.00005
energy_efficiency,run_8,UACQR-P,0.95000,0.05000,0.94156,0.12822,4.60553,0.07416,0.29610,5.93281,0.76702,2.16607,0.12317,0.96063
energy_efficiency,run_8,clear,0.95000,0.05000,0.94156,0.03567,1.28138,0.02913,0.04609,2.33053,0.23876,0.31441,0.03639,
energy_efficiency,run_9,UACQR-S,0.95000,0.05000,0.97403,0.19825,7.14496,0.09111,0.58014,7.28857,1.18759,0.28006,0.10395,0.52432
energy_efficiency,run_9,UACQR-P,0.95000,0.05000,0.97403,0.17643,6.35857,0.08174,0.46999,6.53909,1.08349,0.26672,0.14139,0.80140
energy_efficiency,run_9,clear,0.95000,0.05000,0.93506,0.04427,1.59555,0.02667,0.02597,2.13390,0.24700,0.04965,0.05306,
insurance,run_0,UACQR-S,0.95000,0.05000,0.96642,0.30770,18119.27580,322.81697,4279926.76653,25825.35720,4207.58353,0.52009,0.27978,0.90924
insurance,run_0,UACQR-P,0.95000,0.05000,0.97761,0.32842,19338.88428,302.46555,4218847.62901,24197.24382,4332.11670,0.58551,0.29180,0.88851
insurance,run_0,clear,0.95000,0.05000,0.97015,0.49949,29412.58764,467.50467,9821415.97884,37400.37321,4226.35895,1.31177,0.31801,
insurance,run_1,UACQR-S,0.95000,0.05000,0.95149,0.29530,18149.45989,402.90031,5841426.00300,32232.02499,4444.01128,3.71429,0.29496,0.99886
insurance,run_1,UACQR-P,0.95000,0.05000,0.94776,0.25725,15810.74347,443.23865,5799267.43179,35459.09232,3986.83984,3.88105,0.25680,0.99827
insurance,run_1,clear,0.95000,0.05000,0.92910,0.35731,21960.59933,377.25039,5472328.87666,30180.03123,4742.48137,0.56782,0.38030,
insurance,run_2,UACQR-S,0.95000,0.05000,0.96642,0.31343,19630.94465,330.35387,4842293.66431,26428.30970,4548.98020,0.78327,0.29362,0.93679
insurance,run_2,UACQR-P,0.95000,0.05000,0.95896,0.27975,17521.40269,355.50287,4632907.96052,28440.22939,4142.63375,2.09792,0.27005,0.96533
insurance,run_2,clear,0.95000,0.05000,0.95522,0.40918,25627.95526,521.67316,8730114.96584,41733.85250,3994.90046,1.98613,0.36990,
insurance,run_3,UACQR-S,0.95000,0.05000,0.97015,0.32556,19170.55932,354.87224,4976221.07632,28389.77891,4242.67676,0.93378,0.28432,0.87333
insurance,run_3,UACQR-P,0.95000,0.05000,0.97015,0.26936,15861.15330,318.12423,4096537.15852,25449.93874,3682.29278,0.88468,0.25111,0.93226
insurance,run_3,clear,0.95000,0.05000,0.95896,0.31506,18552.25906,299.82528,3647769.88419,23986.02221,3605.34360,0.55497,0.28872,
insurance,run_4,UACQR-S,0.95000,0.05000,0.94776,0.32987,15283.44097,305.88249,3622915.90023,24470.59922,3750.69974,3.64110,0.33022,1.00107
insurance,run_4,UACQR-P,0.95000,0.05000,0.94776,0.33406,15477.34404,303.69911,3660022.70800,24295.92898,3751.10895,3.93635,0.33607,1.00602
insurance,run_4,clear,0.95000,0.05000,0.94030,0.32675,15138.99266,434.73903,5281867.88890,34779.12252,2804.80642,2.55551,0.40133,
insurance,run_5,UACQR-S,0.95000,0.05000,0.94030,0.32985,15435.89089,364.28318,4576287.29171,29142.65427,3717.42075,1.30080,0.31889,0.96676
insurance,run_5,UACQR-P,0.95000,0.05000,0.94403,0.31779,14871.52821,387.83188,4974908.06857,31026.55038,3663.22220,1.15336,0.30714,0.96649
insurance,run_5,clear,0.95000,0.05000,0.93657,0.36588,17121.73788,387.00352,4325592.28163,30960.28196,3668.09274,0.95716,0.42616,
insurance,run_6,UACQR-S,0.95000,0.05000,0.96642,0.26814,16478.95637,270.67530,3673695.98781,21654.02400,3793.56759,0.69035,0.25982,0.96896
insurance,run_6,UACQR-P,0.95000,0.05000,0.97761,0.28202,17331.76759,280.37112,3923031.22662,22429.68970,3990.82128,0.72108,0.24873,0.88196
insurance,run_6,clear,0.95000,0.05000,0.96642,0.31265,19213.90252,350.62512,4798882.65366,28050.00949,3035.96429,1.28756,0.21873,
insurance,run_7,UACQR-S,0.95000,0.05000,0.95896,0.25897,16220.13228,326.65773,4295713.25497,26132.61812,3898.49964,1.03332,0.25701,0.99244
insurance,run_7,UACQR-P,0.95000,0.05000,0.95896,0.27794,17408.30474,355.82130,4506103.06539,28465.70381,4154.41208,0.78947,0.27335,0.98351
insurance,run_7,clear,0.95000,0.05000,0.95522,0.31492,19724.98109,453.60990,6737868.00914,36288.79168,3462.01700,1.66546,0.22653,
insurance,run_8,UACQR-S,0.95000,0.05000,0.94776,0.30383,19031.53174,353.53467,4767489.27286,28282.77336,4360.41283,2.05077,0.32038,1.05447
insurance,run_8,UACQR-P,0.95000,0.05000,0.94776,0.27729,17369.10270,332.93004,4150874.14558,26634.40339,3965.38824,1.30699,0.28270,1.01952
insurance,run_8,clear,0.95000,0.05000,0.96642,0.59388,37200.08314,572.96184,13813590.74655,45836.94722,4649.80574,1.86204,0.37395,
insurance,run_9,UACQR-S,0.95000,0.05000,0.97388,0.38043,19580.56080,311.57994,4709312.46399,24926.39502,4473.95736,1.19605,0.37482,0.98524
insurance,run_9,UACQR-P,0.95000,0.05000,0.98134,0.42152,21694.95282,308.49120,4878530.99928,24679.29621,4658.55317,0.55474,0.39392,0.93454
insurance,run_9,clear,0.95000,0.05000,0.95522,0.47943,24675.57038,345.68691,5743508.96092,27654.95252,4526.66163,0.59449,0.47227,
kin8nm,run_0,UACQR-S,0.95000,0.05000,0.95607,0.48524,0.64979,0.00905,0.00360,0.72419,0.10089,5.02129,0.44454,0.91613
kin8nm,run_0,UACQR-P,0.95000,0.05000,0.96522,0.48313,0.64697,0.00882,0.00352,0.70587,0.09936,2.96605,0.43764,0.90584
kin8nm,run_0,clear,0.95000,0.05000,0.94875,0.34094,0.45656,0.00673,0.00178,0.53818,0.06816,0.42217,0.34390,
kin8nm,run_1,UACQR-S,0.95000,0.05000,0.95119,0.44556,0.61918,0.00876,0.00332,0.70054,0.09657,9.24407,0.42926,0.96342
kin8nm,run_1,UACQR-P,0.95000,0.05000,0.95241,0.43801,0.60870,0.00866,0.00319,0.69292,0.09571,15.55466,0.42517,0.97069
kin8nm,run_1,clear,0.95000,0.05000,0.96156,0.33251,0.46209,0.00667,0.00179,0.53367,0.06693,0.38609,0.31838,
kin8nm,run_2,UACQR-S,0.95000,0.05000,0.94509,0.43433,0.61604,0.00909,0.00336,0.72734,0.09791,58.39917,0.43379,0.99875
kin8nm,run_2,UACQR-P,0.95000,0.05000,0.94448,0.42144,0.59775,0.00881,0.00315,0.70481,0.09613,9.51467,0.43381,1.02935
kin8nm,run_2,clear,0.95000,0.05000,0.95302,0.32584,0.46216,0.00696,0.00185,0.55660,0.06764,0.45577,0.31909,
kin8nm,run_3,UACQR-S,0.95000,0.05000,0.94631,0.44813,0.62105,0.00894,0.00336,0.71530,0.09797,5.93533,0.44220,0.98676
kin8nm,run_3,UACQR-P,0.95000,0.05000,0.95058,0.43838,0.60754,0.00877,0.00322,0.70172,0.09670,4.60649,0.42540,0.97039
kin8nm,run_3,clear,0.95000,0.05000,0.95912,0.32804,0.45461,0.00650,0.00173,0.51976,0.06621,0.36687,0.31481,
kin8nm,run_4,UACQR-S,0.95000,0.05000,0.96095,0.49868,0.64696,0.00876,0.00352,0.70113,0.09708,10.01563,0.44206,0.88646
kin8nm,run_4,UACQR-P,0.95000,0.05000,0.95485,0.46965,0.60930,0.00842,0.00317,0.67362,0.09488,1.09806,0.44177,0.94062
kin8nm,run_4,clear,0.95000,0.05000,0.95851,0.34048,0.44172,0.00637,0.00163,0.50940,0.06351,0.38340,0.32530,
kin8nm,run_5,UACQR-S,0.95000,0.05000,0.95180,0.46811,0.64918,0.00927,0.00364,0.74145,0.10052,8.83391,0.44299,0.94634
kin8nm,run_5,UACQR-P,0.95000,0.05000,0.95424,0.45111,0.62561,0.00891,0.00338,0.71303,0.09853,8.01256,0.42369,0.93921
kin8nm,run_5,clear,0.95000,0.05000,0.94814,0.30773,0.42676,0.00648,0.00160,0.51802,0.06469,0.40307,0.31338,
kin8nm,run_6,UACQR-S,0.95000,0.05000,0.94509,0.46470,0.64514,0.00921,0.00360,0.73716,0.10163,4.24290,0.47095,1.01346
kin8nm,run_6,UACQR-P,0.95000,0.05000,0.95180,0.45302,0.62892,0.00907,0.00344,0.72529,0.10070,2.72458,0.43816,0.96719
kin8nm,run_6,clear,0.95000,0.05000,0.94570,0.31867,0.44241,0.00689,0.00175,0.55085,0.06799,0.43785,0.32605,
kin8nm,run_7,UACQR-S,0.95000,0.05000,0.94387,0.44638,0.62965,0.00905,0.00347,0.72398,0.09976,27.03905,0.45403,1.01714
kin8nm,run_7,UACQR-P,0.95000,0.05000,0.94509,0.43399,0.61218,0.00887,0.00329,0.70982,0.09842,11.49339,0.43701,1.00695
kin8nm,run_7,clear,0.95000,0.05000,0.94692,0.31226,0.44047,0.00678,0.00172,0.54228,0.06579,0.44485,0.31776,
kin8nm,run_8,UACQR-S,0.95000,0.05000,0.94021,0.44610,0.62222,0.00917,0.00348,0.73329,0.10072,3.62276,0.46217,1.03603
kin8nm,run_8,UACQR-P,0.95000,0.05000,0.93106,0.42606,0.59428,0.00887,0.00315,0.70955,0.09780,294.98889,0.44917,1.05424
kin8nm,run_8,clear,0.95000,0.05000,0.93594,0.30908,0.43111,0.00674,0.00169,0.53895,0.06809,0.49846,0.32400,
kin8nm,run_9,UACQR-S,0.95000,0.05000,0.95790,0.45981,0.64393,0.00909,0.00358,0.72701,0.09972,11.77622,0.42987,0.93488
kin8nm,run_9,UACQR-P,0.95000,0.05000,0.95912,0.44908,0.62890,0.00888,0.00340,0.71008,0.09794,4.31683,0.42013,0.93554
kin8nm,run_9,clear,0.95000,0.05000,0.95302,0.32482,0.45488,0.00668,0.00176,0.53417,0.06634,0.44130,0.32023,
miami_housing,run_0,UACQR-S,0.95000,0.05000,0.95264,0.11158,287313.08559,4498.51521,1813659450.12531,359881.21669,42718.65404,1.25009,0.10818,0.96955
miami_housing,run_0,UACQR-P,0.95000,0.05000,0.95551,0.10133,260917.55119,4352.17041,1665361654.84043,348173.63300,39647.40053,1.30329,0.09993,0.98619
miami_housing,run_0,clear,0.95000,0.05000,0.95551,0.08784,226181.20391,3764.84639,1210223644.81699,301187.71112,33497.94080,0.42421,0.08506,
miami_housing,run_1,UACQR-S,0.95000,0.05000,0.95443,0.11066,285268.85107,4321.66518,1587283053.31372,345733.21459,41997.41549,0.51207,0.10730,0.96971
miami_housing,run_1,UACQR-P,0.95000,0.05000,0.95945,0.10276,264919.40164,4079.36254,1433391010.64443,326349.00336,38977.86762,0.40752,0.09805,0.95417
miami_housing,run_1,clear,0.95000,0.05000,0.95013,0.08680,223777.51832,3514.30291,967524440.60044,281144.23310,32674.10767,0.20724,0.08671,
miami_housing,run_2,UACQR-S,0.95000,0.05000,0.94905,0.11445,295054.48669,4690.98352,1863793355.63857,375278.68147,44235.41343,2.55083,0.11541,1.00837
miami_housing,run_2,UACQR-P,0.95000,0.05000,0.94977,0.10611,273548.13482,4446.91179,1588728981.18983,355752.94286,41245.14740,2.00698,0.10725,1.01078
miami_housing,run_2,clear,0.95000,0.05000,0.94295,0.08683,223848.34644,3813.84119,1119134640.15656,305107.29534,34649.38432,0.16154,0.09046,
miami_housing,run_3,UACQR-S,0.95000,0.05000,0.95335,0.11214,288762.48236,4477.98977,1664361684.35024,358239.18185,43010.71402,2.41639,0.10729,0.95673
miami_housing,run_3,UACQR-P,0.95000,0.05000,0.95048,0.10184,262232.72099,4309.19355,1417911377.52741,344735.48382,39692.55229,1.02000,0.10184,1.00000
miami_housing,run_3,clear,0.95000,0.05000,0.95264,0.08891,228949.97596,3437.34657,974452393.85835,274987.72548,33762.62443,0.18382,0.08755,
miami_housing,run_4,UACQR-S,0.95000,0.05000,0.94259,0.11403,293633.25852,4815.59660,1864941969.56805,385247.72767,45255.16864,1.35644,0.11665,1.02296
miami_housing,run_4,UACQR-P,0.95000,0.05000,0.95048,0.10570,272182.95349,4541.44910,1622605843.51176,363315.92801,41679.36991,3.45202,0.10570,1.00000
miami_housing,run_4,clear,0.95000,0.05000,0.94259,0.08772,225893.49252,3932.38992,1131793988.91240,314591.19340,35234.81371,0.21155,0.09117,
miami_housing,run_5,UACQR-S,0.95000,0.05000,0.95407,0.11299,290960.64999,4589.55565,1679316917.50108,367164.45223,42493.83424,0.69087,0.10772,0.95328
miami_housing,run_5,UACQR-P,0.95000,0.05000,0.95228,0.10152,261414.84098,4438.58554,1484943773.27040,355086.84314,38934.20448,0.57599,0.10056,0.99057
miami_housing,run_5,clear,0.95000,0.05000,0.95587,0.08821,227129.50224,3612.56908,1027165991.93647,289005.52601,32611.16820,0.46039,0.08602,
miami_housing,run_6,UACQR-S,0.95000,0.05000,0.95945,0.11835,299197.05127,4482.94217,1788110200.06322,358635.37360,42841.48006,1.42343,0.10729,0.90650
miami_housing,run_6,UACQR-P,0.95000,0.05000,0.96591,0.10923,276129.07721,4221.72739,1582485763.61921,337738.19095,40070.77997,0.56144,0.09792,0.89643
miami_housing,run_6,clear,0.95000,0.05000,0.95694,0.08765,221582.76150,3697.05879,1071395262.27014,295764.70303,33367.37369,0.41510,0.08444,
miami_housing,run_7,UACQR-S,0.95000,0.05000,0.95838,0.11350,292266.50248,4546.68867,1785373449.84849,363735.09368,42862.51241,1.48382,0.10231,0.90143
miami_housing,run_7,UACQR-P,0.95000,0.05000,0.95658,0.10355,266653.27120,4320.80313,1564373404.74509,345664.25074,39479.90912,2.97722,0.09845,0.95073
miami_housing,run_7,clear,0.95000,0.05000,0.95335,0.08917,229617.71863,3687.08797,1060621489.44250,294967.03797,33145.27859,0.16691,0.08748,
miami_housing,run_8,UACQR-S,0.95000,0.05000,0.94941,0.11536,297386.58444,4445.01738,1712632422.42894,355601.39072,44342.71083,5.86409,0.11275,0.97742
miami_housing,run_8,UACQR-P,0.95000,0.05000,0.95156,0.10632,274105.51616,4203.61004,1459660474.57601,336288.80285,40784.85935,6.57302,0.10632,1.00000
miami_housing,run_8,clear,0.95000,0.05000,0.95335,0.09086,234226.37764,3730.16926,1084794134.36576,298413.54074,34536.53453,0.43096,0.08926,
miami_housing,run_9,UACQR-S,0.95000,0.05000,0.94259,0.10949,282274.39667,4544.62153,1650909506.22179,363569.72256,42803.14245,15.32158,0.11404,1.04153
miami_housing,run_9,UACQR-P,0.95000,0.05000,0.94151,0.09965,256890.94150,4414.02473,1510849412.27115,353121.97845,39822.01615,72.68931,0.10673,1.07107
miami_housing,run_9,clear,0.95000,0.05000,0.93972,0.08575,221051.65388,3613.04468,1055814466.52832,289043.57417,33774.23066,0.31279,0.09014,
naval_propulsion,run_0,UACQR-S,0.95000,0.05000,0.99372,0.00339,0.00597,0.00008,0.00000,0.00635,0.00075,0.00215,0.00339,1.00000
naval_propulsion,run_0,UACQR-P,0.95000,0.05000,0.94428,0.00157,0.00276,0.00010,0.00000,0.00790,0.00057,0.05659,0.00157,1.00000
naval_propulsion,run_0,clear,0.95000,0.05000,0.95811,0.00155,0.00272,0.00004,0.00000,0.00306,0.00041,0.00192,0.00148,
naval_propulsion,run_1,UACQR-S,0.95000,0.05000,0.99539,0.00357,0.00629,0.00008,0.00000,0.00659,0.00080,0.01480,0.00357,1.00000
naval_propulsion,run_1,UACQR-P,0.95000,0.05000,0.95727,0.00172,0.00304,0.00010,0.00000,0.00825,0.00061,0.01973,0.00172,1.00000
naval_propulsion,run_1,clear,0.95000,0.05000,0.95601,0.00158,0.00278,0.00004,0.00000,0.00312,0.00041,0.00217,0.00152,
naval_propulsion,run_2,UACQR-S,0.95000,0.05000,0.99455,0.00368,0.00650,0.00009,0.00000,0.00680,0.00079,0.02953,0.00368,1.00000
naval_propulsion,run_2,UACQR-P,0.95000,0.05000,0.95098,0.00162,0.00286,0.00009,0.00000,0.00712,0.00056,0.39534,0.00162,1.00000
naval_propulsion,run_2,clear,0.95000,0.05000,0.93213,0.00154,0.00272,0.00004,0.00000,0.00330,0.00043,0.00198,0.00164,
naval_propulsion,run_3,UACQR-S,0.95000,0.05000,0.99581,0.00344,0.00606,0.00008,0.00000,0.00659,0.00077,0.00218,0.00344,1.00000
naval_propulsion,run_3,UACQR-P,0.95000,0.05000,0.95643,0.00164,0.00288,0.00008,0.00000,0.00679,0.00057,0.12823,0.00164,1.00000
naval_propulsion,run_3,clear,0.95000,0.05000,0.94889,0.00154,0.00271,0.00004,0.00000,0.00313,0.00041,0.00228,0.00155,
naval_propulsion,run_4,UACQR-S,0.95000,0.05000,0.99539,0.00358,0.00630,0.00008,0.00000,0.00655,0.00077,0.00877,0.00358,1.00000
naval_propulsion,run_4,UACQR-P,0.95000,0.05000,0.95978,0.00176,0.00309,0.00009,0.00000,0.00684,0.00057,0.00415,0.00176,1.00000
naval_propulsion,run_4,clear,0.95000,0.05000,0.95182,0.00158,0.00278,0.00004,0.00000,0.00309,0.00042,0.00171,0.00157,
naval_propulsion,run_5,UACQR-S,0.95000,0.05000,0.99455,0.00357,0.00626,0.00008,0.00000,0.00656,0.00078,0.04339,0.00357,1.00000
naval_propulsion,run_5,UACQR-P,0.95000,0.05000,0.95978,0.00183,0.00321,0.00009,0.00000,0.00702,0.00059,0.03390,0.00183,1.00000
naval_propulsion,run_5,clear,0.95000,0.05000,0.95811,0.00162,0.00285,0.00004,0.00000,0.00319,0.00042,0.00190,0.00156,
naval_propulsion,run_6,UACQR-S,0.95000,0.05000,0.99665,0.00364,0.00641,0.00008,0.00000,0.00668,0.00078,0.00230,0.00364,1.00000
naval_propulsion,run_6,UACQR-P,0.95000,0.05000,0.95057,0.00163,0.00287,0.00010,0.00000,0.00831,0.00059,0.21413,0.00163,1.00000
naval_propulsion,run_6,clear,0.95000,0.05000,0.94680,0.00161,0.00284,0.00004,0.00000,0.00328,0.00043,0.00261,0.00164,
naval_propulsion,run_7,UACQR-S,0.95000,0.05000,0.98869,0.00350,0.00615,0.00008,0.00000,0.00674,0.00081,0.07454,0.00350,1.00000
naval_propulsion,run_7,UACQR-P,0.95000,0.05000,0.94554,0.00166,0.00291,0.00011,0.00000,0.00900,0.00061,0.03035,0.00166,1.00000
naval_propulsion,run_7,clear,0.95000,0.05000,0.94093,0.00157,0.00275,0.00004,0.00000,0.00321,0.00042,0.00219,0.00160,
naval_propulsion,run_8,UACQR-S,0.95000,0.05000,0.99455,0.00362,0.00638,0.00008,0.00000,0.00675,0.00077,0.00233,0.00362,1.00000
naval_propulsion,run_8,UACQR-P,0.95000,0.05000,0.96062,0.00178,0.00313,0.00008,0.00000,0.00668,0.00057,0.04009,0.00178,1.00000
naval_propulsion,run_8,clear,0.95000,0.05000,0.95434,0.00161,0.00284,0.00004,0.00000,0.00328,0.00042,0.00205,0.00158,
naval_propulsion,run_9,UACQR-S,0.95000,0.05000,0.99455,0.00352,0.00620,0.00008,0.00000,0.00654,0.00075,0.21310,0.00352,1.00000
naval_propulsion,run_9,UACQR-P,0.95000,0.05000,0.94931,0.00160,0.00282,0.00009,0.00000,0.00757,0.00057,0.02036,0.00160,1.00000
naval_propulsion,run_9,clear,0.95000,0.05000,0.96397,0.00161,0.00283,0.00004,0.00000,0.00307,0.00041,0.00222,0.00152,
parkinsons,run_0,UACQR-S,0.95000,0.05000,0.95234,0.29713,14.25999,0.19096,2.39731,15.27695,2.68313,0.56342,0.29713,1.00000
parkinsons,run_0,UACQR-P,0.95000,0.05000,0.93106,0.24538,11.77641,0.17342,1.72682,13.87345,2.33739,3.88893,0.25884,1.05485
parkinsons,run_0,clear,0.95000,0.05000,0.93362,0.23318,11.19069,0.19752,1.33461,15.80170,1.87932,0.39666,0.26091,
parkinsons,run_1,UACQR-S,0.95000,0.05000,0.97362,0.30710,14.73845,0.19425,2.44248,15.54031,2.62972,0.74955,0.30710,1.00000
parkinsons,run_1,UACQR-P,0.95000,0.05000,0.95660,0.26327,12.63477,0.17385,1.86330,13.90796,2.34431,0.63113,0.26327,1.00000
parkinsons,run_1,clear,0.95000,0.05000,0.95660,0.25062,12.02795,0.18090,1.35823,14.47229,1.81863,0.42163,0.24104,
parkinsons,run_2,UACQR-S,0.95000,0.05000,0.96255,0.30084,14.43811,0.19860,2.44873,15.88791,2.68043,0.69158,0.30084,1.00000
parkinsons,run_2,UACQR-P,0.95000,0.05000,0.94979,0.26750,12.83776,0.18270,1.96470,14.61605,2.40561,0.60874,0.26750,1.00002
parkinsons,run_2,clear,0.95000,0.05000,0.95319,0.25043,12.01857,0.19397,1.44891,15.51766,1.85134,0.50415,0.24833,
parkinsons,run_3,UACQR-S,0.95000,0.05000,0.96170,0.29579,14.19551,0.19346,2.30586,15.47701,2.55269,0.40163,0.29579,1.00000
parkinsons,run_3,UACQR-P,0.95000,0.05000,0.94809,0.24305,11.66446,0.16377,1.58246,13.10187,2.16692,0.43360,0.24310,1.00019
parkinsons,run_3,clear,0.95000,0.05000,0.94298,0.24786,11.89545,0.18965,1.43501,15.17192,1.86975,0.60175,0.25727,
parkinsons,run_4,UACQR-S,0.95000,0.05000,0.96511,0.35665,17.11638,0.22563,3.17624,18.05064,3.05243,0.40262,0.35665,1.00000
parkinsons,run_4,UACQR-P,0.95000,0.05000,0.95234,0.29479,14.14776,0.19302,2.25710,15.44133,2.61671,0.36928,0.29479,1.00000
parkinsons,run_4,clear,0.95000,0.05000,0.94979,0.25683,12.32561,0.19353,1.46460,15.48224,1.93045,0.39561,0.25836,
parkinsons,run_5,UACQR-S,0.95000,0.05000,0.97021,0.30923,14.84068,0.19746,2.44466,15.79675,2.67061,1.22334,0.30923,1.00000
parkinsons,run_5,UACQR-P,0.95000,0.05000,0.94638,0.24842,11.92222,0.16994,1.67618,13.59493,2.27038,0.68165,0.25190,1.01401
parkinsons,run_5,clear,0.95000,0.05000,0.94723,0.24392,11.70599,0.19042,1.36034,15.23397,1.88322,0.40187,0.24727,
parkinsons,run_6,UACQR-S,0.95000,0.05000,0.96936,0.33145,15.90703,0.20657,2.88822,16.52561,2.89742,0.93254,0.33145,1.00000
parkinsons,run_6,UACQR-P,0.95000,0.05000,0.97617,0.30913,14.83569,0.19002,2.44350,15.20155,2.64905,0.89147,0.30913,1.00000
parkinsons,run_6,clear,0.95000,0.05000,0.95745,0.25794,12.37889,0.17925,1.36032,14.33991,1.84390,0.30656,0.24675,
parkinsons,run_7,UACQR-S,0.95000,0.05000,0.96596,0.30301,14.54206,0.19271,2.43134,15.41678,2.64663,0.35292,0.30301,1.00000
parkinsons,run_7,UACQR-P,0.95000,0.05000,0.93277,0.26294,12.61912,0.18439,1.94071,14.75157,2.36366,1.29251,0.27944,1.06273
parkinsons,run_7,clear,0.95000,0.05000,0.93702,0.25054,12.02415,0.19806,1.45163,15.84510,1.93345,0.43127,0.26683,
parkinsons,run_8,UACQR-S,0.95000,0.05000,0.96426,0.30816,14.78902,0.19516,2.40753,15.61318,2.63773,0.29511,0.30816,1.00000
parkinsons,run_8,UACQR-P,0.95000,0.05000,0.95149,0.27957,13.41721,0.18342,2.02809,14.67356,2.44644,0.31957,0.27957,1.00000
parkinsons,run_8,clear,0.95000,0.05000,0.94383,0.25017,12.00604,0.18955,1.39944,15.16402,1.84665,0.44094,0.25768,
parkinsons,run_9,UACQR-S,0.95000,0.05000,0.96766,0.31870,15.29492,0.20248,2.67801,16.19848,2.77874,0.38000,0.31870,1.00000
parkinsons,run_9,UACQR-P,0.95000,0.05000,0.94128,0.27363,13.13199,0.18346,2.01278,14.67661,2.45163,1.81858,0.28133,1.02813
parkinsons,run_9,clear,0.95000,0.05000,0.96936,0.25727,12.34692,0.18165,1.39260,14.53171,1.80384,0.42426,0.22256,
powerplant,run_0,UACQR-S,0.95000,0.05000,0.94357,0.18423,13.83402,0.22704,2.01956,18.16345,2.18743,0.99763,0.18908,1.02633
powerplant,run_0,UACQR-P,0.95000,0.05000,0.94775,0.17586,13.20531,0.21675,1.88383,17.33976,2.10293,3.00611,0.17704,1.00671
powerplant,run_0,clear,0.95000,0.05000,0.93626,0.14241,10.69383,0.20059,1.49725,16.04750,1.72959,0.65433,0.15134,
powerplant,run_1,UACQR-S,0.95000,0.05000,0.94671,0.21265,14.90492,0.23241,2.22550,18.59247,2.32601,0.72148,0.21484,1.01030
powerplant,run_1,UACQR-P,0.95000,0.05000,0.94828,0.19844,13.90848,0.22457,1.93481,17.96561,2.17923,0.91102,0.20122,1.01401
powerplant,run_1,clear,0.95000,0.05000,0.94775,0.16522,11.58003,0.20136,1.46791,16.10903,1.76493,0.78813,0.16821,
powerplant,run_2,UACQR-S,0.95000,0.05000,0.94932,0.20914,14.54157,0.21516,1.93069,17.21282,2.27935,0.53781,0.20933,1.00088
powerplant,run_2,UACQR-P,0.95000,0.05000,0.95089,0.19985,13.89531,0.20605,1.70034,16.48377,2.15891,0.35498,0.19926,0.99707
powerplant,run_2,clear,0.95000,0.05000,0.94723,0.15798,10.98403,0.17842,1.16325,14.27380,1.72507,0.33432,0.16220,
powerplant,run_3,UACQR-S,0.95000,0.05000,0.94671,0.20793,14.58244,0.24294,2.44926,19.43482,2.27284,1.17540,0.21060,1.01280
powerplant,run_3,UACQR-P,0.95000,0.05000,0.94462,0.19546,13.70749,0.23691,2.35727,18.95252,2.16164,1.12118,0.20169,1.03187
powerplant,run_3,clear,0.95000,0.05000,0.95507,0.16590,11.63462,0.20593,1.99906,16.47451,1.77952,1.45424,0.16052,
powerplant,run_4,UACQR-S,0.95000,0.05000,0.95141,0.20465,14.86552,0.24197,2.51064,19.35747,2.34106,1.05273,0.20356,0.99471
powerplant,run_4,UACQR-P,0.95000,0.05000,0.94984,0.19335,14.04524,0.23656,2.24310,18.92446,2.23202,1.22182,0.19382,1.00243
powerplant,run_4,clear,0.95000,0.05000,0.93678,0.15333,11.13821,0.22321,1.76264,17.85664,1.81740,1.00363,0.16855,
powerplant,run_5,UACQR-S,0.95000,0.05000,0.94880,0.19317,14.41251,0.25270,2.96471,20.21586,2.26201,1.30077,0.19496,1.00928
powerplant,run_5,UACQR-P,0.95000,0.05000,0.95977,0.18763,13.99930,0.24405,2.82970,19.52385,2.20764,1.16465,0.17891,0.95353
powerplant,run_5,clear,0.95000,0.05000,0.95350,0.15539,11.59370,0.22098,2.52106,17.67830,1.79396,1.53591,0.15305,
powerplant,run_6,UACQR-S,0.95000,0.05000,0.95611,0.20892,14.57450,0.23140,2.34922,18.51183,2.23998,1.15678,0.20473,0.97994
powerplant,run_6,UACQR-P,0.95000,0.05000,0.95298,0.20108,14.02705,0.22262,2.18435,17.80955,2.15923,1.19760,0.19927,0.99100
powerplant,run_6,clear,0.95000,0.05000,0.93939,0.16200,11.30130,0.19937,1.72277,15.94929,1.76110,1.39052,0.17042,
powerplant,run_7,UACQR-S,0.95000,0.05000,0.95664,0.20810,14.58791,0.22379,2.33362,17.90330,2.24053,1.26724,0.19918,0.95713
powerplant,run_7,UACQR-P,0.95000,0.05000,0.95664,0.19700,13.80990,0.21245,2.06935,16.99613,2.11623,1.05728,0.19101,0.96958
powerplant,run_7,clear,0.95000,0.05000,0.94828,0.16354,11.46408,0.19136,1.64223,15.30841,1.75584,0.83620,0.16575,
powerplant,run_8,UACQR-S,0.95000,0.05000,0.95141,0.19369,14.37016,0.23266,2.37611,18.61312,2.26097,0.83004,0.19159,0.98913
powerplant,run_8,UACQR-P,0.95000,0.05000,0.95193,0.18713,13.88283,0.22722,2.19705,18.17728,2.19278,0.77966,0.18663,0.99736
powerplant,run_8,clear,0.95000,0.05000,0.94148,0.15014,11.13887,0.20123,1.68696,16.09849,1.77704,0.81041,0.15476,
powerplant,run_9,UACQR-S,0.95000,0.05000,0.96238,0.19745,14.73757,0.24061,2.76065,19.24850,2.25682,1.43441,0.18587,0.94133
powerplant,run_9,UACQR-P,0.95000,0.05000,0.96552,0.19193,14.32563,0.23263,2.72029,18.61028,2.18893,1.36323,0.17922,0.93378
powerplant,run_9,clear,0.95000,0.05000,0.95820,0.15636,11.67062,0.20786,2.29396,16.62873,1.74352,1.59609,0.14926,
qsar,run_0,UACQR-S,0.95000,0.05000,0.94865,0.21559,3.71678,0.05695,0.17836,4.55599,0.59666,1.20697,0.21559,1.00000
qsar,run_0,UACQR-P,0.95000,0.05000,0.96084,0.20012,3.45013,0.05546,0.16451,4.43693,0.57129,0.91328,0.20012,1.00000
qsar,run_0,clear,0.95000,0.05000,0.95474,0.17069,2.94273,0.05191,0.14445,4.15243,0.46311,0.81238,0.16578,
qsar,run_1,UACQR-S,0.95000,0.05000,0.93299,0.53053,3.71371,0.05356,0.12954,4.28519,0.61989,1.18588,0.54664,1.03036
qsar,run_1,UACQR-P,0.95000,0.05000,0.95126,0.49638,3.47466,0.05009,0.11246,4.00686,0.58950,1.07106,0.49638,1.00000
qsar,run_1,clear,0.95000,0.05000,0.92602,0.39781,2.78467,0.04690,0.07710,3.75217,0.44591,0.75929,0.44712,
qsar,run_2,UACQR-S,0.95000,0.05000,0.96432,0.55956,3.91693,0.05390,0.13661,4.31232,0.62407,0.96217,0.55956,1.00000
qsar,run_2,UACQR-P,0.95000,0.05000,0.95213,0.50479,3.53355,0.05080,0.11516,4.06394,0.58564,0.71764,0.50479,1.00000
qsar,run_2,clear,0.95000,0.05000,0.94517,0.43522,3.04653,0.04831,0.09255,3.86453,0.47216,0.89785,0.44152,
qsar,run_3,UACQR-S,0.95000,0.05000,0.96780,0.22235,3.83333,0.05799,0.18215,4.63916,0.61662,0.92917,0.22235,1.00000
qsar,run_3,UACQR-P,0.95000,0.05000,0.96258,0.21299,3.67200,0.05676,0.17493,4.54046,0.59807,0.98213,0.21299,1.00000
qsar,run_3,clear,0.95000,0.05000,0.95300,0.17001,2.93090,0.05202,0.14793,4.16156,0.44924,1.43624,0.16693,
qsar,run_4,UACQR-S,0.95000,0.05000,0.96954,0.56823,3.87762,0.05204,0.13580,4.16316,0.62171,0.95724,0.56114,0.98751
qsar,run_4,UACQR-P,0.95000,0.05000,0.94604,0.50526,3.44786,0.04973,0.11145,3.97849,0.58226,0.89805,0.51297,1.01527
qsar,run_4,clear,0.95000,0.05000,0.94082,0.40667,2.77511,0.04696,0.07941,3.75672,0.43632,0.93314,0.42662,
qsar,run_5,UACQR-S,0.95000,0.05000,0.96954,0.52203,3.91785,0.05267,0.13643,4.21357,0.63297,0.89123,0.51464,0.98585
qsar,run_5,UACQR-P,0.95000,0.05000,0.95648,0.46413,3.48328,0.04923,0.11175,3.93860,0.58293,0.77822,0.46413,1.00000
qsar,run_5,clear,0.95000,0.05000,0.95822,0.40143,3.01273,0.04654,0.08991,3.72296,0.46068,0.57910,0.38817,
qsar,run_6,UACQR-S,0.95000,0.05000,0.97563,0.56076,3.86139,0.05161,0.13290,4.12868,0.61110,0.94612,0.52921,0.94375
qsar,run_6,UACQR-P,0.95000,0.05000,0.97128,0.52881,3.64140,0.04857,0.11804,3.88572,0.58412,0.71487,0.50643,0.95768
qsar,run_6,clear,0.95000,0.05000,0.97128,0.46120,3.17583,0.04544,0.08760,3.63526,0.43443,0.72437,0.39807,
qsar,run_7,UACQR-S,0.95000,0.05000,0.96519,0.22397,3.83579,0.05748,0.18049,4.59835,0.62406,0.83358,0.22397,1.00000
qsar,run_7,UACQR-P,0.95000,0.05000,0.95213,0.20059,3.43530,0.05423,0.16268,4.33876,0.58508,0.87449,0.20059,1.00000
qsar,run_7,clear,0.95000,0.05000,0.94256,0.16851,2.88597,0.04914,0.13744,3.93123,0.46456,0.91550,0.17421,
qsar,run_8,UACQR-S,0.95000,0.05000,0.95126,0.55251,3.86756,0.05238,0.13576,4.19076,0.61737,0.54965,0.54779,0.99147
qsar,run_8,UACQR-P,0.95000,0.05000,0.95822,0.48902,3.42314,0.04896,0.10880,3.91699,0.57157,0.64190,0.48902,1.00000
qsar,run_8,clear,0.95000,0.05000,0.92863,0.41237,2.88659,0.04832,0.08496,3.86579,0.46023,0.68010,0.45191,
qsar,run_9,UACQR-S,0.95000,0.05000,0.96693,0.56836,3.91374,0.05298,0.13780,4.23862,0.62176,0.72389,0.56836,1.00000
qsar,run_9,UACQR-P,0.95000,0.05000,0.95039,0.49817,3.43042,0.04890,0.10853,3.91187,0.56814,0.57756,0.49817,1.00000
qsar,run_9,clear,0.95000,0.05000,0.95561,0.43030,2.96302,0.04575,0.08947,3.65986,0.46114,0.94601,0.42559,
sulfur,run_0,UACQR-S,0.95000,0.05000,0.95240,0.11654,0.11025,0.00182,0.00025,0.14535,0.02030,0.68979,0.11586,0.99416
sulfur,run_0,UACQR-P,0.95000,0.05000,0.95141,0.10738,0.10158,0.00178,0.00022,0.14272,0.01865,0.50658,0.10720,0.99831
sulfur,run_0,clear,0.95000,0.05000,0.94893,0.10855,0.10269,0.00176,0.00021,0.14120,0.01717,0.27606,0.10898,
sulfur,run_1,UACQR-S,0.95000,0.05000,0.94943,0.12244,0.11681,0.00182,0.00026,0.14594,0.02152,0.33259,0.12263,1.00156
sulfur,run_1,UACQR-P,0.95000,0.05000,0.95389,0.11308,0.10788,0.00180,0.00022,0.14398,0.01947,0.36572,0.11211,0.99143
sulfur,run_1,clear,0.95000,0.05000,0.95538,0.11257,0.10739,0.00179,0.00023,0.14292,0.01721,0.45544,0.10756,
sulfur,run_2,UACQR-S,0.95000,0.05000,0.93555,0.11395,0.11327,0.00221,0.00051,0.17671,0.02174,0.70589,0.11680,1.02498
sulfur,run_2,UACQR-P,0.95000,0.05000,0.94596,0.10471,0.10408,0.00209,0.00046,0.16696,0.01958,0.85739,0.10658,1.01785
sulfur,run_2,clear,0.95000,0.05000,0.95191,0.10049,0.09989,0.00180,0.00022,0.14435,0.01688,0.43554,0.10020,
sulfur,run_3,UACQR-S,0.95000,0.05000,0.95240,0.12532,0.10668,0.00203,0.00030,0.16266,0.01969,2.06990,0.12478,0.99571
sulfur,run_3,UACQR-P,0.95000,0.05000,0.95389,0.11564,0.09844,0.00187,0.00025,0.14962,0.01785,0.69395,0.11515,0.99575
sulfur,run_3,clear,0.95000,0.05000,0.95340,0.11154,0.09496,0.00190,0.00024,0.15217,0.01611,0.41217,0.10911,
sulfur,run_4,UACQR-S,0.95000,0.05000,0.94546,0.13212,0.11579,0.00204,0.00036,0.16297,0.02234,0.49646,0.13403,1.01443
sulfur,run_4,UACQR-P,0.95000,0.05000,0.94745,0.12263,0.10748,0.00195,0.00031,0.15590,0.02048,0.32121,0.12396,1.01088
sulfur,run_4,clear,0.95000,0.05000,0.95141,0.11096,0.09725,0.00181,0.00024,0.14462,0.01652,0.58013,0.11009,
sulfur,run_5,UACQR-S,0.95000,0.05000,0.95042,0.11968,0.11943,0.00200,0.00031,0.16000,0.02274,1.42080,0.11937,0.99743
sulfur,run_5,UACQR-P,0.95000,0.05000,0.94993,0.10577,0.10555,0.00183,0.00026,0.14660,0.01934,0.26924,0.10578,1.00010
sulfur,run_5,clear,0.95000,0.05000,0.94893,0.09789,0.09769,0.00177,0.00023,0.14125,0.01653,0.38861,0.10050,
sulfur,run_6,UACQR-S,0.95000,0.05000,0.95984,0.15780,0.12449,0.00199,0.00034,0.15937,0.02261,0.35286,0.15266,0.96738
sulfur,run_6,UACQR-P,0.95000,0.05000,0.96182,0.14578,0.11500,0.00187,0.00029,0.14946,0.02036,0.42606,0.13922,0.95500
sulfur,run_6,clear,0.95000,0.05000,0.95687,0.13381,0.10556,0.00174,0.00023,0.13925,0.01651,0.74899,0.12927,
sulfur,run_7,UACQR-S,0.95000,0.05000,0.95885,0.13393,0.11402,0.00182,0.00027,0.14537,0.02056,0.35298,0.13044,0.97393
sulfur,run_7,UACQR-P,0.95000,0.05000,0.95240,0.11984,0.10202,0.00187,0.00030,0.14945,0.01821,0.88352,0.11877,0.99106
sulfur,run_7,clear,0.95000,0.05000,0.96133,0.11483,0.09775,0.00170,0.00019,0.13640,0.01559,0.59587,0.10730,
sulfur,run_8,UACQR-S,0.95000,0.05000,0.94546,0.11964,0.11388,0.00223,0.00032,0.17855,0.02203,1.49657,0.12156,1.01607
sulfur,run_8,UACQR-P,0.95000,0.05000,0.94546,0.10693,0.10179,0.00218,0.00031,0.17413,0.01944,22.74086,0.10867,1.01624
sulfur,run_8,clear,0.95000,0.05000,0.94398,0.11247,0.10706,0.00187,0.00024,0.14938,0.01763,0.39841,0.11546,
sulfur,run_9,UACQR-S,0.95000,0.05000,0.95191,0.11986,0.11409,0.00180,0.00025,0.14436,0.02107,0.62332,0.11947,0.99676
sulfur,run_9,UACQR-P,0.95000,0.05000,0.95538,0.10782,0.10263,0.00191,0.00029,0.15264,0.01896,0.44023,0.10657,0.98839
sulfur,run_9,clear,0.95000,0.05000,0.96381,0.11027,0.10496,0.00169,0.00023,0.13554,0.01676,0.34570,0.10205,
superconductor,run_0,UACQR-S,0.95000,0.05000,0.95556,0.25270,34.29139,0.52089,17.57767,41.67091,5.82901,1.22479,0.24881,0.98460
superconductor,run_0,UACQR-P,0.95000,0.05000,0.95368,0.23770,32.25602,0.50376,16.04153,40.30082,5.56561,2.03565,0.23688,0.99654
superconductor,run_0,clear,0.95000,0.05000,0.95274,0.20610,27.96751,0.50024,12.72389,40.01924,4.68398,1.14335,0.20261,
superconductor,run_1,UACQR-S,0.95000,0.05000,0.95650,0.25304,34.28706,0.52864,17.51671,42.29097,5.80033,1.50692,0.24735,0.97749
superconductor,run_1,UACQR-P,0.95000,0.05000,0.95462,0.23602,31.98058,0.50313,15.59983,40.25020,5.45169,1.34567,0.23273,0.98606
superconductor,run_1,clear,0.95000,0.05000,0.95086,0.19868,26.92154,0.48972,12.31219,39.17727,4.49805,1.37378,0.19589,
superconductor,run_2,UACQR-S,0.95000,0.05000,0.95203,0.18431,34.09722,0.54070,20.80604,43.25636,5.78842,2.61275,0.18401,0.99837
superconductor,run_2,UACQR-P,0.95000,0.05000,0.95556,0.17776,32.88626,0.52754,19.87636,42.20328,5.66385,2.77279,0.17599,0.99003
superconductor,run_2,clear,0.95000,0.05000,0.95250,0.15701,29.04734,0.51087,16.82846,40.86961,4.77732,3.49108,0.15567,
superconductor,run_3,UACQR-S,0.95000,0.05000,0.94663,0.23905,32.43869,0.50214,15.37562,40.17126,5.42371,1.98397,0.24157,1.01055
superconductor,run_3,UACQR-P,0.95000,0.05000,0.94780,0.22708,30.81518,0.47746,14.22105,38.19652,5.25292,1.68241,0.22955,1.01087
superconductor,run_3,clear,0.95000,0.05000,0.95203,0.19721,26.76175,0.46098,11.12651,36.87877,4.34788,1.29084,0.19453,
superconductor,run_4,UACQR-S,0.95000,0.05000,0.94710,0.24378,32.91035,0.52561,16.57724,42.04875,5.58015,1.12600,0.24431,1.00217
superconductor,run_4,UACQR-P,0.95000,0.05000,0.95039,0.23110,31.19817,0.50206,15.66701,40.16508,5.31179,3.45569,0.23110,1.00000
superconductor,run_4,clear,0.95000,0.05000,0.95603,0.21054,28.42252,0.47518,13.10837,38.01446,4.55021,1.62885,0.20571,
superconductor,run_5,UACQR-S,0.95000,0.05000,0.95462,0.25432,34.07806,0.50812,16.84506,40.64974,5.73865,1.20082,0.25072,0.98584
superconductor,run_5,UACQR-P,0.95000,0.05000,0.95274,0.23685,31.73819,0.48447,14.92063,38.75767,5.43238,1.05550,0.23580,0.99557
superconductor,run_5,clear,0.95000,0.05000,0.95039,0.20991,28.12716,0.46448,12.24901,37.15816,4.53485,1.11274,0.20969,
superconductor,run_6,UACQR-S,0.95000,0.05000,0.95250,0.23181,33.14856,0.50950,17.15644,40.76004,5.52065,6.27947,0.22973,0.99101
superconductor,run_6,UACQR-P,0.95000,0.05000,0.94686,0.21634,30.93601,0.49627,16.25732,39.70141,5.29347,3.37027,0.21846,1.00982
superconductor,run_6,clear,0.95000,0.05000,0.95391,0.19668,28.12588,0.46178,12.31446,36.94251,4.54109,0.95281,0.19230,
superconductor,run_7,UACQR-S,0.95000,0.05000,0.94357,0.17969,33.24214,0.55298,18.96186,44.23819,5.78129,1.16112,0.18175,1.01149
superconductor,run_7,UACQR-P,0.95000,0.05000,0.95156,0.17498,32.37101,0.52849,17.82931,42.27949,5.65067,0.73289,0.17498,1.00000
superconductor,run_7,clear,0.95000,0.05000,0.94827,0.15361,28.41853,0.51076,14.14376,40.86058,4.76208,0.85642,0.15510,
superconductor,run_8,UACQR-S,0.95000,0.05000,0.94004,0.23771,32.32794,0.53455,16.94948,42.76363,5.60940,6.25865,0.24276,1.02126
superconductor,run_8,UACQR-P,0.95000,0.05000,0.94545,0.22900,31.14426,0.51566,15.84242,41.25301,5.43988,1.49330,0.23066,1.00725
superconductor,run_8,clear,0.95000,0.05000,0.94686,0.20687,28.13447,0.49498,13.52050,39.59826,4.62995,1.64950,0.20900,
superconductor,run_9,UACQR-S,0.95000,0.05000,0.94357,0.24322,33.41808,0.54216,17.38388,43.37261,5.76939,1.83796,0.24702,1.01562
superconductor,run_9,UACQR-P,0.95000,0.05000,0.94427,0.23069,31.69701,0.52928,16.19357,42.34258,5.54073,4.74499,0.23546,1.02065
superconductor,run_9,clear,0.95000,0.05000,0.95486,0.20762,28.52669,0.51205,13.24062,40.96397,4.64232,0.79289,0.20308,
